,0.032,0.032,0.032,0.032,0.032,0.032,0.033,0.033,0.033,0.033,0.033,0.033,0.033,0.033,0.033,0.033,0.033,0.033,0.033,0.034,0.034,0.034,0.034,0.034,0.034,0.034,0.034,0.034,0.034,0.034,0.034,0.034,0.035,0.035,0.035,0.035,0.035,0.035,0.035,0.035,0.035,0.035,0.035,0.035,0.035,0.036,0.036,0.036,0.036,0.036
0.177,9.294581942751954,9.75384787627693,10.257702735421594,10.80614652018591,11.399179230569882,12.036800866573579,12.719011428196895,13.445810915439871,14.217199328302588,15.033176666784904,15.893742930886884,16.798898120608623,17.748642235949962,18.742975276910954,19.781897243491702,20.865408135692043,21.99350795351205,23.166196696951808,24.383474366011157,25.645340960690124,26.951796480988968,28.30284092690732,29.698474298445326,31.138696595603015,32.6235078183805,34.15290796677752,35.72689704079434,37.34547504043071,39.00864196568673,40.71639781656243,42.46874259305795,44.26567629517302,46.107198922907685,47.99331047626223,49.92401095523628,51.899300359829994,53.91917869004358,55.98364594587663,58.092702127329325,60.24634723440195,62.44458126709397,64.6874042254057,66.97481610933725,69.3068169188884,71.68340665405908,74.10458531484974,76.57035290125982,79.08070941328955,81.6356548509392,84.23518921420833
0.173,8.154483645110165,8.551325082767603,8.992755446044724,9.478774734941505,10.009382949457935,10.584580089594091,11.204366155349867,11.86874114672531,12.57770506372048,13.33125790633526,14.129399674569703,14.972130368423896,15.859449987897698,16.79135853299115,17.76785600370436,18.78894240003716,19.854617721989626,20.964881969561848,22.119735142753658,23.31917724156509,24.563208265996387,25.8518282160472,27.185037091717668,28.562834893007825,29.985221619917763,31.452197272447243,32.963761850596526,34.51991535436536,36.120657783753835,37.76598913876199,39.455909419389975,41.19041862563751,42.969516757504636,44.79320381499164,46.66147979809814,48.57434470682433,50.53179854117037,52.53384130113589,54.58047298672104,56.671693597926115,58.807503134750604,60.98790159719481,63.21288898525881,65.48246529894242,67.79663053824557,70.15538470316868,72.55872779371123,75.00665980987341,77.49918075165552,80.03629061905711
0.169,7.125614449196003,7.460031390985894,7.839037258395494,8.262632051424719,8.73081577007362,9.243588414342222,9.80094998423046,10.402900479738369,11.049439900865993,11.740568247613247,12.476285519980147,13.256591717966796,14.081486841573073,14.950970890798972,15.86504386564464,16.8237057661099,17.82695659219483,18.87479634389952,19.967225021223776,21.1042426241677,22.285849152731437,23.51204460691471,24.782828986717657,26.098202292140254,27.45816452318265,28.862715679844587,30.311855762126335,31.805584770027636,33.34390270354858,34.9268095626892,36.55430534744963,38.22639005782962,39.94306369382921,41.704326255448684,43.51017774268765,45.360618155546284,47.25564749402478,49.19526575812278,51.17947294784039,53.2082690631779,55.281654104134866,57.39962807071152,59.562190962908005,61.769342780724074,64.02108352415968,66.31741319321526,68.65833178789025,71.04383930818491,73.47393575409946,75.94862112563351
0.166,6.207974355009449,6.4799668009318,6.796548172473855,7.157718469635545,7.563477692416908,8.013825840817967,8.508762914838668,9.04828891447904,9.632403839739123,10.261107690618836,10.934400467118198,11.652282169237305,12.414752796976043,13.221812350334405,14.073460829312529,14.96969823391025,15.910524564127638,16.895939819964788,17.925944001421513,19.00053710849789,20.11971914119409,21.283490099509823,22.49184998344523,23.744798793000285,25.042336528175145,26.384463188969548,27.771178775383756,29.20248328741751,30.67837672507092,32.198859088344015,33.76393037723688,35.37359059174935,37.027839731881386,38.72667779763333,40.47010478900476,42.25812070599584,44.090725548606805,45.96791931683726,47.88970201068734,49.856073630157304,51.86703417524674,53.92258364595585,56.02272204228479,58.16744936423332,60.3567656118014,62.59067078498943,64.86916488379687,67.192247908224,69.559919858271,71.9721807339375
0.162,5.401563362550509,5.611131312605325,5.8652881882798376,6.164033989573988,6.507368716487813,6.89529236902133,7.327804947174493,7.804906450947326,8.326596880339867,8.892876235352041,9.50374451598387,10.159201722235432,10.859247854106627,11.603882911597454,12.393106894708035,13.226919803438223,14.105321637788075,15.028312397757675,15.995892083346863,17.008060694555702,18.064818231384358,19.166164693832556,20.312100081900425,21.502624395587947,22.737737634895257,24.017439799822125,25.34173089036879,26.710610906535006,28.124079848320875,29.582137715726425,31.084784508751767,32.63202022739668,34.22384487166119,35.86025844154558,37.54126093704948,39.26685235817303,41.03703270491644,42.85180197727936,44.711160175261895,46.615107298864324,48.563643348086224,50.5567683229278,52.5944822233892,54.676785049470176,56.80367680117073,58.97515747849121,61.19122708143112,63.45188560999073,65.75713306417016,68.10696944396913
0.158,4.7063814718192,4.853524926006473,5.045257305813442,5.281578611240049,5.562488842286341,5.887987998952315,6.258076081237949,6.672753089143248,7.132019022668239,7.635873881812874,8.184317666577178,8.777350376961197,9.414972012964853,10.097182574588155,10.823982061831188,11.595370474693834,12.411347813176127,13.271914077278197,14.177069266999856,15.126813382341197,16.121146423302275,17.16006838988294,18.243579282083267,19.37167909990327,20.54436784334304,21.761645512402335,23.023512107081494,24.329967627380164,25.68101207329853,27.07664544483651,28.516867741994325,30.001678964771685,31.53107911316865,33.105068187185516,34.72364618682188,36.3868131120779,38.09456896295378,39.846913739449114,41.64384744156414,43.48537006929897,45.37148162265343,47.30218210162747,49.27747150622135,51.297349836434734,53.36181709226772,55.47087327372068,57.624518380793084,59.82275241348514,62.065575371796996,64.35298725572845
0.154,4.122428682815488,4.207147641135223,4.336455525074651,4.510352334633736,4.728838069812483,4.9919127306109194,5.299576317029002,5.651828829066766,6.048670266724226,6.490100630001322,6.976119918898072,7.506728133414547,8.081925273550668,8.701711339306422,9.366086330681929,10.075050247677039,10.828603090291836,11.626744858526337,12.469475552380453,13.356795171854186,14.288703716947778,15.265201187660896,16.28628758399369,17.35196290594614,18.46222715351837,19.61708032671019,20.81652242552174,22.06055344995288,23.349173400003654,24.682382275674165,26.0601800769644,27.48256680387427,28.9495424564037,30.461107034552995,32.017260538321814,33.61800296771029,35.26333432271861,36.95325460334648,38.687763809593925,40.46686194146133,42.290548998948076,44.15882498205458,46.07168989078087,48.02914372512681,50.03118648509231,52.077818170677695,54.16903878188252,56.30484831870704,58.485246781151474,60.71023416921535
0.151,3.64970499553941,3.671999457991605,3.7388828460634835,3.850355159755021,4.006416399066236,4.207066563997129,4.452305654547684,4.742133670717906,5.076550612507813,5.455556479917372,5.879151272946597,6.34733499159553,6.860107635864108,7.417469205752336,8.019419701260286,8.665959122387857,9.357087469135077,10.092804741502059,10.873110939488644,11.698006063094907,12.567490112320897,13.481563087166485,14.440224987631744,15.443475813716663,16.491315565421345,17.583744242745578,18.720761845689637,19.902368374253236,21.12856382843653,22.399348208239434,23.714721513662163,25.074683744704444,26.479234901366343,27.928374983648116,29.422103991549406,30.960421925070357,32.54332878421114,34.170824568971405,35.84290927935135,37.5595829153511,39.32084547697047,41.12669696420944,42.97713737706824,44.87216671554655,46.811784979644464,48.79599216936233,50.82478828469966,52.898173325656636,55.0161472922334,57.17871018442979
0.147,3.288210409990934,3.248080376575598,3.2525392687799313,3.3015870866039414,3.3952238300476125,3.5334494991109695,3.716264093793983,3.9436676140966647,4.215660060019038,4.532241431561053,4.893411728722745,5.299170951504134,5.749519099905174,6.244456173925863,6.7839821735662795,7.368097098826312,7.996800949706016,8.670093726205442,9.38797542832449,10.150446056063185,10.957505609421663,11.809154088399707,12.705391492997427,13.646217823214815,14.631633079051962,15.66163726050868,16.736230367585172,17.855412400281224,19.019183358596962,20.227543242532363,21.48049205208754,22.778029787262298,24.120156448056665,25.50687203447088,26.93817654650463,28.414069984158044,29.93455234743128,31.49962363632403,33.10928385083643,34.76353299096869,36.462371056720464,38.205798048091886,39.99381396508311,41.826418807693926,43.703612575924325,45.62539526977463,47.59176688924442,49.602727434333865,51.65827690504315,53.75841530137196
0.143,3.0379449261700797,2.9353903968872066,2.8774247932239962,2.86404811518047,2.895260362756602,2.9710615359524164,3.0914516347678918,3.256430659203035,3.4659986092578663,3.720155484932344,4.018901286226497,4.362236013140345,4.750159665673844,5.182672243826996,5.659773747599869,6.181464176992364,6.747743532004533,7.358611812636414,8.014069018887925,8.714115150759081,9.458750208250011,10.247974191360525,11.081787100090704,11.960188934440554,12.883179694410156,13.85075937999934,14.862927991208284,15.919685528036805,17.021031990485003,18.16696737855286,19.3574916922405,20.59260493154772,21.872307096474554,23.19659818702122,24.565478203187432,25.97894714497331,27.437005012379004,28.939651805404218,30.48688752404908,32.07871216831379,33.715125738198026,35.396128233701916,37.1217196548256,38.89190000156887,40.70666927393174,42.5660274719145,44.46997459551675,46.41851064473865,48.4116356195804,50.44934952004167
0.14,2.8989085440768427,2.7339295189264323,2.6135394193956794,2.537738245484616,2.5065259971932097,2.5199026745214805,2.5778682774694177,2.6804228060370248,2.8275662602243123,3.019298640031253,3.255619945457867,3.536530176504172,3.862029333170133,4.232117415455749,4.6467944233610785,5.106060356886035,5.609915216030666,6.158359000795004,6.751391711178976,7.389013347182597,8.071223908805981,8.798023396048956,9.5694118089116,10.385389147393909,11.245955411495972,12.151110601217614,13.100854716559018,14.095187757520002,15.134109724100663,16.217620616300984,17.345720434121077,18.518409177560756,19.735686846620055,20.997553441299182,22.30400896159786,23.655053407516192,25.05068677905434,26.49090907621202,27.975720298989344,29.50512044738652,31.07910952140321,32.69768752103956,34.3608544462957,36.06861029717144,37.820955073666774,39.617888775781985,41.4594114035167,43.345522956871065,45.276223435845274,47.251512840439
0.136,2.8711012637112274,2.643697742693276,2.460883147294985,2.322657477516379,2.229020733357439,2.179972914818163,2.1755140218985627,2.21564405459863,2.3003630129183783,2.4296708968577825,2.6035677064168636,2.8220534415956244,3.085128102394048,3.392791688812122,3.745044200849911,4.141885638507323,4.583316001784418,5.069335290681218,5.599943505197652,6.175140645333744,6.794926711089578,7.459301702465017,8.168265619460124,8.92181846207489,9.719960230309411,10.56269092416351,11.450010543637385,12.381919088730823,13.35841655944395,14.379502955776738,15.445178277729283,16.555442525301423,17.710295698493177,18.909737797304775,20.153768821735902,21.442388771786703,22.775597647457307,24.153395448747453,25.575782175657245,27.04275782818686,28.55432240633602,30.110475910104835,31.711218339493442,33.35654969450164,35.046469975129426,36.780979181377106,38.56007731324427,40.3837643707311,42.25204035383775,44.16490526256395
0.132,2.954523085073225,2.6646950681877364,2.419455976921901,2.2188058112757583,2.0627445712492793,1.9512722568424612,1.884388868055323,1.8620944048878523,1.8843888673400577,1.9512722554119255,2.062744569103468,2.218805808414685,2.4194559733455696,2.664695063896106,2.9545230800663536,3.288940021856228,3.667945889265785,4.091540682295042,4.559724400943938,5.072497045212493,5.6298586151007814,6.231809110608684,6.878348531736253,7.569476878483482,8.305194150850458,9.085500348837021,9.910395472443351,10.779879521669255,11.693952496514841,12.652614396980095,13.655865223065094,14.7037049747697,15.796133652093914,16.933151255037966,18.11475778360156,19.340953237784824,20.611737617587885,21.92711092301049,23.287073154052745,24.69162431071482,26.140764392996438,27.634493400897718,29.17281133441878,30.755718193559435,32.383213978319695,34.05529868869983,35.771972324699455,37.53323488631874,39.339086373557855,41.189526786416515
0.128,3.1491740081628405,2.796921495409813,2.489257908276434,2.226183246762755,2.0076975108687387,1.8338007005943788,1.704492815939701,1.6197738569046936,1.579643823489355,1.584102715693685,1.63315053351769,1.7267872769613641,1.8650129460247091,2.0478275407077096,2.2752310610104125,2.5472235069327507,2.8638048784747703,3.2249751756364855,3.6307343984178404,4.08108254681886,4.576019620839605,5.115545620479968,5.6996605457400005,6.328364396619691,7.001657173119123,7.7195388752381495,8.482009502976936,9.289069056335302,10.140717535313353,11.036954939911066,11.977781270128524,12.96319652596559,13.99320070742227,15.067793814498778,16.186975847194834,17.35074680551056,18.559106689446075,19.812055499001143,21.10959323417586,22.45171989497039,23.838435481384472,25.269739993418213,26.745633431071738,28.266115794344852,29.831187083237573,31.44084729775016,33.095096437882255,34.793934503634006,36.53736149500557,38.32537741199669
0.125,3.4550540329800743,3.0403770243595085,2.670288941358585,2.344789783977369,2.0638795522158153,1.8275582460739124,1.6358258655516964,1.4886824106491512,1.3861278813662696,1.328162277703062,1.314785599659529,1.3459978472356602,1.4217990204314652,1.5421891192469295,1.7071681436820894,1.9167360937368916,2.1708929694113737,2.4696387707055445,2.812973497619363,3.2008971501528434,3.6334097283060434,4.11051123207887,4.632201661471364,5.198481016483517,5.809349297115407,6.464806503366896,7.1648526352381365,7.909487692728969,8.69871167583948,9.532524584569655,10.41092641891957,11.333917178889099,12.301496864478244,13.313665475687209,14.370423012515728,15.471769474963914,16.617704863031886,17.80822917671942,19.043342416026597,20.32304458095358,21.647335671500123,23.016215687666328,24.42968462945231,25.88774249685789,27.390389289883068,28.937625008528116,30.529449652792668,32.16586322267688,33.84686571818091,35.57245713930448
0.121,3.872163159524921,3.3950616550368187,2.9625490761683553,2.5746254229196026,2.231290695290511,1.9325448932810623,1.6783880168913112,1.4688200661212274,1.3038410409708063,1.1834509414400576,1.1076497675289867,1.0764375192375741,1.089814196565842,1.1477797995137717,1.2503343280813846,1.3974777822686535,1.5892101620755963,1.8255314675022272,2.1064416985485064,2.4319408552144477,2.8020289375001086,3.2167059454053906,3.6759718789303495,4.179826738074967,4.72827052283931,5.321303233223268,5.958924869226959,6.64113543085026,7.367934918093225,8.139323330955866,8.95530066943824,9.81586693354023,10.721022123261847,11.67076623860326,12.665099279564245,13.704021246144894,14.78753213834532,15.915631956165313,17.08832069960495,18.305598368664402,19.567464963343404,20.873920483642067,22.224964929560503,23.620598301098546,25.060820598256193,26.545631821033687,28.075031969430707,29.649021043447387,31.26759904308387,32.93076596833991
0.117,4.400501387797388,3.8609753874417487,3.366038312705741,2.915690163589451,2.509930940092821,2.14876064221583,1.8321792699585406,1.56018682332092,1.3327833023029554,1.149968706904669,1.0117430371260603,0.9181062929671044,0.8690584744278338,0.8645995815082266,0.9047296142082957,0.9894485725280271,1.1187564564674324,1.2926532660265206,1.511139001205262,1.774213662003666,2.0818772484217813,2.434129760459527,2.8309711981169485,3.2724015613940276,3.758420850290827,4.289029064807249,4.864226204943396,5.48401227069916,6.148387262074587,6.857351179069689,7.61090402168452,8.409045789918972,9.251776483773055,10.139096103246922,11.071004648340368,12.047502119053478,13.068588515386367,14.13426383733882,15.244528084910918,16.399381258102824,17.59882335691429,18.84285438134542,20.131474331396312,21.464683207066816,22.842481008356927,24.26486773526688,25.73184338779636,27.2434079659455,28.799561469714444,30.400303899102944
0.113,5.040068717797474,4.438118221574296,3.880756650970744,3.3679840059869175,2.8998002866227486,2.4762054928782176,2.0971996247533884,1.7627826822482302,1.472954665362723,1.2277155740968981,1.0270654084507522,0.8710041684242531,0.7595318540174418,0.6926484652302993,0.6703540020628258,0.6926484645150197,0.7595318525868879,0.8710041662784311,1.0270654055896358,1.2277155705205025,1.4729546610710724,1.7627826772412825,2.097199619031164,2.4762054864407084,2.8998002794699644,3.3679839981188477,3.8807566423874533,4.438118212275677,5.040068707783569,5.686608128911131,6.377736475658421,7.113453748025335,7.893759946011879,8.718655069618205,9.588139118844111,10.502212093689687,11.460873994155026,12.464124820239945,13.511964571944509,14.604393249268872,15.741410852212798,16.923017380776386,18.149212834959737,19.419997214762702,20.735370520185278,22.095332751227684,23.499883907889625,24.949023990171227,26.44275299807263,27.981070931593596
0.11,5.7908651495251755,5.1264901574344615,4.506704090963364,3.931506950112003,3.4008987348802933,2.9148794452682223,2.4734490812758523,2.0766076429031575,1.7243551301501066,1.416691543016744,1.153616881503061,0.9351311456090183,0.7612343353346676,0.6319264506799889,0.5472074916449721,0.5070774582296294,0.511536350433959,0.5605841682579591,0.6542209117016258,0.7924465807649559,0.9752611754479807,1.2026646957506528,1.4746571416729972,1.7912385132150035,2.152408810376717,2.558168033158065,3.0085161815591253,3.503453255579812,4.042979255220166,4.62709418048019,5.255798031359938,5.929090807859313,6.646972509978323,7.4094431377171,8.21650269107547,9.06815117005351,9.964388574651306,10.905214904868687,11.890630160705717,12.920634342162536,13.995227449238921,15.114409481934974,16.27818044025078,17.486540324186212,18.73948913374125,20.037026868916108,21.379153529710514,22.765869116124577,24.19717362815844,25.673067065811864
0.106,6.652890682980495,5.926091195022239,5.243880632683602,4.6062589959647005,4.013226284865455,3.46478249938584,2.9609276395259343,2.501661705285703,2.086984696665108,1.7168966136642079,1.3913974562829867,1.110487224521401,0.8741659183795114,0.6824335378572954,0.5352900829547358,0.4327355536718549,0.37476995000864743,0.3613932719651045,0.39260551954123324,0.46840669273702695,0.5887967915525067,0.7537758159876413,0.9633437660424475,1.2175006417169165,1.5162464430110865,1.859581169924897,2.2475048224584144,2.680017400611564,3.1571189043843804,3.6788093337768677,4.245088688789072,4.855956969420908,5.511414175672381,6.211460307543617,6.956095365034448,7.745319348144949,8.579132256875202,9.457534091225044,10.380524851194536,11.348104536783813,12.360273147992661,13.417030684821174,14.518377147269442,15.66431253533733,16.854836849024828,18.089950088332152,19.369652253259016,20.693943343805543,22.06282335997186,23.476292301757756
0.102,7.626145318163432,6.836921334337636,6.092286276131456,5.392240143545018,4.736782936578236,4.125914655231076,3.5596352995036336,3.0379448693958633,2.5608433649077265,2.128330786039289,1.7404071327905302,1.3970724051614012,1.0983266031519718,0.8441697267622192,0.634601775992117,0.46962275084169836,0.3492326513109536,0.2734314773998676,0.24221922910845817,0.25559590643671526,0.31356150938465,0.41611603795224683,0.5632594921395155,0.7549918719464468,0.9913131773730748,1.272223408419347,1.597722565085321,1.9678106473709327,2.382487655276212,2.8417535888011614,3.345608447945824,3.8940522327101217,4.487084943094058,5.124706579097749,5.806917140721044,6.533716627964006,7.305105040826715,8.121082379309021,8.981648643410974,9.886803833132708,10.83654794847402,11.830880989434997,12.86980295601572,13.95331384821607,15.081413666036038,16.25410240947581,17.471380078535134,18.733246673214126,20.039702193512902,21.390746639431256
0.099,8.710629055073987,7.858980575380653,7.051921021306929,6.289450392852953,5.5715686900186325,4.89827591280393,4.26957206120895,3.6854571352336407,3.145931134877963,2.6509940601419855,2.200645911025691,1.7948866875290193,1.43371638965205,1.1171350173947614,0.8451425707571163,0.6177390497391599,0.4349244543408777,0.29669878456224796,0.203062040403301,0.15401422186402114,0.1495553289444107,0.18968536164447025,0.2744043199642012,0.4037122039035954,0.5776090134626806,0.7960947486414156,1.0591694094398458,1.366832995857919,1.7190855078956615,2.1159269455530723,2.557357308830193,3.0433765977269527,3.573984812243353,4.149181952379499,4.768968018135257,5.433343009510682,6.142306926505847,6.895859769120613,7.694001537355033,8.536732231209223,9.424051850682996,10.355960395776435,11.332457866489614,12.353544262822425,13.419219584774854,14.529483832347083,15.684337005538872,16.883779104350324,18.127810128781558,19.416430078832377
0.095,9.906341893712158,8.992268918151284,8.12278486821002,7.297889743888507,6.517583545186648,5.781866272104402,5.090737924641885,4.444198502799037,3.842248006575816,3.284886435972301,2.7721137909884694,2.3039300716242535,1.8803352778797462,1.5013294097549197,1.166912467249732,0.8770844503642381,0.6318453590984181,0.431195193452246,0.27513395342576086,0.1636616390189446,0.09677825023178899,0.0744837870643108,0.09677824951650416,0.1636616375883605,0.2751339512799025,0.43119519059110023,0.6318453555219874,0.8770844460725236,1.1669124622427278,1.5013294040326015,1.8803352714421793,2.3039300644714,2.7721137831202647,3.2848864273888676,3.842247997277087,4.444198492784974,5.090737913912594,5.781866260659823,6.517583533026705,7.297889731013352,8.122784854619589,8.99226890384549,9.906341878691126,10.8650037791564,11.86825460524129,12.916094356945973,14.008523034270226,15.14554063721414,16.327147165777834,17.553342619961114
0.091,11.213283834077947,10.236786362649536,9.304877816840728,8.417558196651674,7.57482750208228,6.776685733132491,6.023132889802437,5.314168972092049,4.649793980001287,4.030007913530233,3.454810772678865,2.9242025574471064,2.4381832678350595,1.9967529038426972,1.5999114654699655,1.2476589527169335,0.939995365583576,0.6769207040698617,0.4584349681758384,0.2845381579014856,0.15523027324678518,0.07051131421176926,0.030381280796425325,0.034840173000743824,0.08388799082474185,0.17752473426840232,0.3157504033317471,0.49856499801474596,0.7259685183174125,0.9979609642397491,1.3145423357817825,1.6757126329434644,2.081471855724793,2.531820004125854,3.0267570781465354,3.5662830777868857,4.15039800304696,4.779101853926652,5.4523946304259985,6.170276332545099,6.932746960283796,7.7398065136421605,8.591454992620259,9.487692397217991,10.428518727435346,11.413933983272486,12.4439381647292,13.518531271805578,14.637713304501725,15.801484262817464
0.087,12.631454876171341,11.592532908875398,10.598199867199053,9.648455751142462,8.743300560705524,7.882734295888187,7.0667569566906,6.2953685431126765,5.568569055154375,4.886358492815778,4.248736856096874,3.6557041449975713,3.107260359517989,2.6034054996580913,2.144139565417813,1.7294625567972404,1.3593744737963458,1.0338753164150916,0.7529650846535338,0.5166437785116436,0.32491139798939894,0.17776794308684196,0.07521341380396063,0.017247810140744835,0.0038711320971975827,0.03508337967332198,0.11088455286912346,0.23127465168458494,0.3962536761197135,0.6058216261745126,0.8599785018490025,1.158724303143146,1.5020590300569407,1.8899826825904558,2.3224952607436027,2.799596764516415,3.3212871939089457,3.8875665489211,4.498434829552907,5.153892035804468,5.853938167675624,6.598573225166452,7.3877972082770045,8.221610117007199,9.100011951357022,10.023002711326614,10.990582396915794,12.002751008124633,13.059508544953239,14.160855007401441
0.084,14.160855019992365,13.059508556828884,12.002751019284995,10.990582407360867,10.023002721056391,9.100011960371512,8.221610125306386,7.387797215860924,6.59857323203508,5.853938173828945,5.153892041242504,4.498434834275659,3.8875665529285364,3.3212871972011015,2.7995967670932798,2.3224952626051705,1.8899826837367375,1.5020590304879409,1.1587243028588452,0.859978500849419,0.6058216244596288,0.39625367368953435,0.23127464853911506,0.11088454900836187,0.03508337509727122,0.003871126805858438,0.017247804134117195,0.07521340708204038,0.17776793564963211,0.3249113898368936,0.5166437696438406,0.7529650750704444,1.0338753061167034,1.3593744627826745,1.7294625450682843,2.1441395529735585,2.6034054864985468,3.1072603456431622,3.6557041304074325,4.248736840791449,4.886358476795069,5.5685690384183575,6.295368525661369,7.066756938524024,7.88273427700631,8.743300541108358,9.64845573083,10.598199846171301,11.592532887132366,12.631454853713027
0.08,15.801484265541003,14.63771330650998,13.518531273098539,12.443938165306877,11.413933983134868,10.428518726582451,9.487692395649784,8.591454990336784,7.739806510643393,6.9327469565697255,6.170276328115746,5.452394625281358,4.779101848066693,4.150397996471722,3.566283070496361,3.0267570701407163,2.5318199954047467,2.0814718462884043,1.675712622791768,1.3145423249148058,0.9979609526574704,0.7259685060198418,0.4985649850018856,0.3157503896035918,0.17752471982496065,0.08388797566600958,0.03484015712672539,0.030381264207111736,0.07051129690716573,0.15523025522689005,0.28453813916629533,0.45843494872536206,0.6769206839040833,0.9399953447025127,1.2476589311205821,1.5999114431583192,1.996752880815763,2.4381832440928415,2.924202532989577,3.4548107475060474,4.030007887642133,4.649793953397885,5.314168944773355,6.023132861768469,6.776685704383216,7.574827472617723,8.417558166471826,9.304877785945589,10.23678633103911,11.213283801752231
0.076,17.55334261281726,16.3271471579187,15.145540628639715,14.008523024980516,12.91609434694097,11.86825459452101,10.865003767720804,9.906341866540266,8.992268890979332,8.122784841038127,7.297889716716612,6.517583518014678,5.781866244932473,5.090737897469966,4.444198475627062,3.84224797940388,3.2848864088003724,2.7721137638164874,2.303930044452313,1.8803352507078148,1.5013293825829346,1.166912440077768,0.8770844231922743,0.6318453319264428,0.43119516628026844,0.2751339262537804,0.16366161184695294,0.09677822305980188,0.07448375989231848,0.09677822234450462,0.1636616104163673,0.2751339241078954,0.4311951634190805,0.6318453283499665,0.877084418900498,1.1669124350706979,1.5013293768605978,1.8803352442701378,2.303930037299337,2.772113755948263,3.284886400216811,3.842247970105025,4.444198465612954,5.09073788674053,5.781866233487738,6.5175835058547005,7.297889703841267,8.122784827447493,8.992268876673467,9.906341851519052
0.072,19.416430061821135,18.127810111055034,16.88377908590851,15.684336986381773,14.529483812474686,13.419219564187184,12.353544241519442,11.332457844471364,10.35596037304289,9.424051827234145,8.536732207045093,7.694001512475615,6.895859743525873,6.142306900195828,5.433342982485381,4.768967990394661,4.149181923923617,3.5739847830721887,3.0433765678404763,2.557357278228441,2.1159269142360158,1.7190854758633118,1.3668329631102807,1.0591693759769112,0.796094714463194,0.5776089785691685,0.4037121682947977,0.27440428364010905,0.1896853246050878,0.14955529118973687,0.15401418339405637,0.20306200121804596,0.2966987446616953,0.4349244137250372,0.6177390084080314,0.8451425287106933,1.1171349746330492,1.4337163461750515,1.7948866433367143,2.200645866118097,2.6509940145191067,3.1459310885397835,3.6854570881801694,4.2695720134402055,4.898275864319879,5.571568640819296,6.289450342938324,7.0519209706770125,7.858980524035448,8.71062900301349
0.069,21.390746612552626,20.039702165918985,18.733246644904924,17.471380049510643,16.254102379736022,15.081413635580976,13.953313817045693,12.869802924130083,11.830880956834063,10.836547915157782,9.886803799101191,8.981648608664171,8.12108234384689,7.305105004649309,6.533716591071316,5.80691710311306,5.124706540774478,4.487084904055506,3.8940521929562566,3.345608407476684,2.8417535476167135,2.3824876133764725,1.9678106047559034,1.5977225217549964,1.2722233643737366,0.9913131326121736,0.7549918264702595,0.5632594459480333,0.41611599104547436,0.3135614617625859,0.25559585809936336,0.24221918005581422,0.2734314276319274,0.3492326008277249,0.4696226996431816,0.634601724078306,0.8441696741331177,1.098326549807582,1.3970723511017085,1.7404070780155478,2.1283307305490196,2.560843308702159,3.0379448124750024,3.5596352418674995,4.125914596879636,4.7367828775115095,5.3922400837629985,6.092286215634151,6.836921273125042,7.6261452562355485
0.065,23.476292265011708,22.06282332251053,20.69394330562887,19.369652214367097,18.089950048724926,16.854836808702387,15.66431249429953,14.518377105516386,13.417030642352811,12.360273104809002,11.348104492884875,10.380524806580315,9.45753404589549,8.579132210830366,7.745319301384856,6.956095317559061,6.211460259352957,5.5114141267664225,4.8559569197996355,4.245088638452515,3.6788092827250107,3.1571188526172325,2.6800173481291294,2.2475047692606855,1.85958111601189,1.5162463883827948,1.2175005863733295,0.9633437099835676,0.7537757592134731,0.5887967340630482,0.4684066345322899,0.3926054606212017,0.36139321232978094,0.3747698896580314,0.43273549260595434,0.5352900211735425,0.6824334753608166,0.8741658551677338,1.1104871605943287,1.3913973916406157,1.7168965483065761,2.0869846305921795,2.5016616384974846,2.9609275720224266,3.464782431167021,4.013226215931357,4.606258926315317,5.243880562318934,5.926091123942267,6.652890611185245
0.061,25.673067019198406,24.197173580829705,22.76586906808059,21.379153480951217,20.037026819441518,18.73948908355135,17.486540273281026,16.278180388630332,15.114409429599245,13.995227396187879,12.920634288396217,11.890630106224112,10.905214849671756,9.964388518739113,9.068151113426012,8.21650263373268,7.409443079659009,6.646972451204976,5.929090748370651,5.255797971156023,4.627094119560953,4.042979193585638,3.5034531932299933,3.008516118494014,2.558167969377661,2.1524087458810213,1.7912384480040326,1.4746570757467323,1.2026646291091005,0.9752611080911369,0.7924465126928228,0.6542208429141996,0.5605840987552417,0.5115362802159589,0.507077387296339,0.5472074199963892,0.6319263783161102,0.761234262255509,0.93513107181456,1.1536168069933208,1.4166914677916977,1.7243550542097619,2.076607566247521,2.473449003904956,2.914879367182027,3.400898656078808,3.931506870595218,4.506704010731293,5.126490076487115,5.790865067862538
0.058,27.981070875112714,26.44275294087647,24.949023932259774,23.499883849262897,22.095332691885655,20.73537046012799,19.41999715399009,18.149212773471874,16.923017318573226,15.741410789294331,14.604393185635132,13.511964507595483,12.464124755175586,11.460873928375397,10.50221202719478,9.588139051633911,8.71865500169272,7.8937598773711235,7.113453678669261,6.3777364055870835,5.686608058124479,5.040068636281629,4.438118140058449,3.880756569454932,3.3679839244710443,2.899800205106872,2.476205411362333,2.0971995432374966,1.7627826007323273,1.4729545838468285,1.2277154925809788,1.027065326934817,0.8710040869083249,0.7595317725014947,0.6926483837143413,0.6703539205468556,0.6926483829990377,0.7595317710708911,0.8710040847624099,1.02706532407362,1.227715489004482,1.472954579555011,1.7627825957252312,2.097199537515113,2.4762054049246425,2.899800197953885,3.367983916602765,3.8807565608713066,4.438118130759571,5.040068626267464
0.054,30.40030383275467,28.799561402650895,27.243407898166645,25.731843319302232,24.26486766605746,22.842480938432246,21.46468313642681,20.131474260041056,18.842854309274863,17.598823284128436,16.399381184601694,15.244528010694502,14.134263762407068,13.068588439739342,12.04750204269118,11.071004571262776,10.139096025454046,9.25177640526491,8.409045710695509,7.610903941745792,6.857351098415645,6.148387180705255,5.484012188614538,4.864226122143483,4.289028981292051,3.7584207660603433,3.2724014764482607,2.8309711124558863,2.43412967408318,2.0818771613301434,1.7742135741967513,1.5111389126830506,1.2926531767890224,1.1187563665146485,0.9894484818599578,0.9047295228249341,0.8645994894095723,0.8690583816138877,0.9181061994378703,1.011742942881536,1.1499686119448607,1.3327832066278524,1.5601867269305305,1.8321791728528727,2.1487605443948654,2.5099308415565638,2.9156900643379062,3.3660382127389097,3.860975286759632,4.400501286399986
0.05,32.93076589212425,31.267598966152924,29.64902096580114,28.075031891069195,26.545631741956875,25.06082051846412,23.620598220591148,22.22496484833785,20.873920401704122,19.567464880690157,18.305598285295876,17.088320615521145,15.91563187136617,14.787532052830906,13.7040211599152,12.665099192619257,11.670766150942992,10.72102203488631,9.815866844449372,8.955300579632121,8.139323240434429,7.367934826856499,6.641135338898246,5.958924776559654,5.321303139840679,4.728270428741433,4.179826643261807,3.675971783401895,3.2167058491616505,2.8020288405410767,2.4319407575401417,2.1064416001589024,1.8255313683973384,1.5892100622554206,1.3974776817331918,1.250334226830631,1.147779697547725,1.0898140938845022,1.0764374158409482,1.1076496634170703,1.183450836612857,1.3038409354283111,1.468819959863447,1.6783879099182502,1.9325447855927063,2.2312905868868604,2.5746253138006647,2.962548966334131,3.3950615444873096,3.872163048260126
0.046,35.57245705322144,33.84686563138259,32.16586313516325,30.529449564563766,28.93762491958391,27.39038920022362,25.887742406483103,24.42968453836227,23.016215595861,21.647335578979494,20.32304448771768,19.0433423220754,17.808229082052886,16.61770476765009,15.471769378866838,14.37042291570336,13.313665378159554,12.30149676623533,11.333917079930856,10.410926319246066,9.53252448418083,8.698711574735364,7.909487590909571,7.16485253270344,6.464806400116922,5.809349193150139,5.19848091180297,4.63220155607552,4.110511125967738,3.633409621479628,3.2008970426111487,2.812973389362371,2.4696386617332715,2.1708928597238097,1.9167359833340438,1.7071680325639453,1.542189007413495,1.4217989078827344,1.3459977339716438,1.3147854856802221,1.3281621630084708,1.3861277659563875,1.4886822945239817,1.6358257487112453,1.827558128518165,2.0638794339447744,2.3447896649910414,2.6702888216569693,3.0403769039426063,3.455053911847883
0.043,38.32537731604624,36.53736139833985,34.79393440625296,33.09509633978594,31.44084719893855,29.831186983710726,28.266115694102666,26.745633330114302,25.26973989174547,23.838435378996436,22.45171979186708,21.10959313035726,19.812055394467198,18.559106584196865,17.35074669954608,16.186975740515074,15.06779370710373,13.993200599311958,12.96319641713994,11.97778116058761,11.036954829654828,10.140717424341831,9.289068944648502,8.482009390574833,7.719538762120773,7.0016570592864555,6.3283642820717345,5.699660430476757,5.115545504501431,4.576019504145782,4.081082429409766,3.6307342802934546,3.224975056796821,2.863804758919809,2.5472233866625027,2.2752309400248674,2.0478274190068735,1.865012823608579,1.7267871538299506,1.63315040967099,1.5841025911316977,1.5796436982120763,1.6197737309121252,1.7044926892318528,1.8338005731712366,2.007697382730301,2.22618311790903,2.4892577787074206,2.7969213651255167,3.149173877163257
0.039,41.189526680598675,39.33908626702474,37.5332347790703,35.77197221673575,34.05529858002082,32.38321386892546,30.755718083449853,29.172811223593946,27.634493289357582,26.140764280741006,24.691624197744115,23.28707304036675,21.92711080860915,20.611737502471286,19.340953121952953,18.11475766705441,16.933151137775532,15.796133534116212,14.703704856076653,13.655865103656788,12.652614276856465,11.693952375675927,10.77987940011506,9.910395350173854,9.085500225852252,8.305194027150398,7.569476754068133,6.8783484066056175,6.231808984762751,5.629858488539567,5.072496917936009,4.559724272952158,4.091540553587988,3.667945759843432,3.288939891718589,2.9545229492134153,2.664694932327877,2.419455841062046,2.2188056754158794,2.0627444353893765,1.9512721209825454,1.8843887321953867,1.8620942690278934,1.884388731480082,1.9512721195519294,2.0627444332434495,2.2188056725546392,2.4194558374854935,2.664694928036047,2.954522944206249
0.035,44.164905146878716,42.252040237437235,40.38376425361527,38.56007719541317,36.78097906283072,35.046469855867805,33.356549574524664,31.71121821880122,30.110475788697304,28.5543222842132,27.04275770534877,25.57578205210386,24.153395324478716,22.775597522473316,21.44238864608744,20.153768695321364,18.909737670174945,17.710295570648086,16.555442396740986,15.445178148453582,14.379502825785714,13.358416428737643,12.381918957309237,11.45001041150049,10.562690791311347,9.719960096741957,8.921818327792149,8.168265484462095,7.45930156675169,6.794926574660967,6.175140508189868,5.59994336733848,5.069335152106774,4.583315862494673,4.141885498502292,3.7450440601295814,3.3927915473764987,3.0851279602431294,2.8220532987294273,2.60356756283538,2.4296707525610115,2.3003628679063146,2.2156439088712787,2.175513875455928,2.1799727676602396,2.2290205854842142,2.3226573289278676,2.4608829979911837,2.6436975926741946,2.8711011129768593
0.031,47.25151271488636,45.276223309577354,43.34552282988784,41.45941127581821,39.6178886473682,37.820954944537746,36.06861016732707,34.3608543157361,32.697687389764646,31.07910938941299,29.505120314681022,27.975720165568575,26.4909089420759,25.050686644202955,23.65505327194954,22.304008825315908,20.997553304301952,19.735686708907558,18.518409039132926,17.345720294977994,16.217620476442573,15.134109583526962,14.09518761623102,13.10085457455474,12.151110458498053,11.24595526806112,10.385389003243777,9.569411664046177,8.798023250468246,8.071223762509986,7.389013200171337,6.7513915634524055,6.158358852353161,5.609915066873524,5.106060207013607,4.646794272773358,4.232117264152732,3.8620291811518213,3.5365300237705846,3.2556197920089893,3.019298485867089,2.8275661053448546,2.680422650442279,2.577868121159387,2.51990251749616,2.5065258394525918,2.5377380870287087,2.6135392602244885,2.733929359039954,2.898908383475078
0.028,50.449349384621634,48.4116354834451,46.41851050788804,44.469974457950876,42.56602733363332,40.706669134935325,38.89189986185712,37.1217195143986,35.3961280925596,33.715125596340414,32.078712025740906,30.486887380760912,28.939651661400703,27.437004867660228,25.978946999539264,24.565478057038096,23.1965980401566,21.87230694889466,20.592604783252494,19.357491543230026,18.166967228827062,17.02103184004391,15.91968537688043,14.862927839336614,13.850759227412382,12.883179541107914,11.960188780423026,11.081786945357889,10.247974035912419,9.458750052086621,8.71411499388043,8.01406886129396,7.35861165432718,6.747743372979998,6.181464017252545,5.659773587144758,5.1826720826565875,4.750159503788138,4.362235850539365,4.0189011229102265,3.7201553209007887,3.465998444511018,3.2564304937408988,3.091451468590467,2.9710613690597043,2.895260195148592,2.8640479468571707,2.8774246241854122,2.935390227133337,3.037944755700922
0.024,53.75841515608453,51.658276759040454,49.602727287615856,47.59176674181115,45.62539512162605,43.70361242706052,41.826418658114775,39.99381381478872,38.20579789708218,36.46237090499546,34.76353283852841,33.10928369768087,31.499623482453124,29.934552192845107,28.4140698288566,26.938176390487897,25.50687187773887,24.120156290609387,22.778029629099684,21.480491893209674,20.227543082939164,19.019183198288474,17.855412239257454,16.736230205846102,15.661637098054332,14.631632915882324,13.646217659329894,12.705391328397218,11.80915392308421,10.957505443390875,10.150445889317142,9.387975260863135,8.670093558028817,7.99680078081409,7.3680969292191,6.783982003243775,6.244456002888061,5.749518928152074,5.299170779035764,4.893411555539082,4.532241257662107,4.215659885404798,3.943667438767137,3.7162639177491643,3.533449322350866,3.3952236525722093,3.3015869084132508,3.252539089873955,3.2480801969543354,3.288210229654381
0.02,57.178710029275045,55.01614713636341,52.89817316907129,50.824788127399025,48.79599201134642,46.81178482091331,44.87216655610004,42.977137216906456,41.12669680333238,39.320845315378115,37.559582753043536,35.84290911632845,34.17082440523316,32.5433286197576,30.960421759901557,29.422103825665314,27.92837481704875,26.479234734051722,25.074683576674484,23.714721344916935,22.399348038778882,21.128563658260656,19.902368203362105,18.72076167408321,17.58374407042389,16.491315392384347,15.443475639964376,14.440224813164162,13.481562911983618,12.567489936422744,11.698005886481468,10.87311076215992,10.092804563458069,9.357087290375802,8.66595894291327,8.019419521070411,7.4174690248471515,6.860107454243625,6.347334809259778,5.879151089895552,5.455556296151038,5.0765504280261915,4.7421334855209905,4.45230546863548,4.207066377369644,4.006416211723442,3.8503549716969454,3.7388826572901124,3.67199926850295,3.6497048053354577
0.017,60.71023400419317,58.485246615414006,56.30484815225433,54.16903861471456,52.07781800279439,50.03118631649376,48.02914355581293,46.07168972075179,44.15882481131019,42.29054882748837,40.46686176928627,38.68776363670364,36.95325442974082,35.26333414839773,33.61800279267414,32.017260362570354,30.461106858086243,28.94954227922168,27.482566625976904,26.06017989835182,24.68238209634622,23.349173219960456,22.060553269194365,20.816522244047935,19.617080144521076,18.462226970613997,17.351962722326476,16.28628739965873,15.265201002610642,14.288703531182232,13.356794985373412,12.469475365184328,11.62674467061494,10.828602901665128,10.075050058335062,9.366086140624663,8.70171114853386,8.081925082062796,7.506727941211413,6.9761197259796415,6.490100436367591,6.048670072375206,5.651828634002462,5.299576121249412,4.9919125341160395,4.728837872602294,4.510352136708262,4.336455326433889,4.207147441779184,4.122428482744152
0.013,64.35298708083891,62.06557519619222,59.822752237165,57.624518203757674,55.470873095969985,53.36181691380179,51.29734965725345,49.277471326324786,47.30218192101561,45.37148144132629,43.485369887256624,41.64384725880646,39.84691355597609,38.09456877876546,36.386812927174326,34.72364600120301,33.10506800085136,31.531078926119257,30.001678777006937,28.51686755351432,27.07664525564118,25.681011883387875,24.32996743675425,23.023511915740276,21.761645320345874,20.544367650571253,19.371678906416193,18.24357908788091,17.16006819496529,16.12114622766934,15.126813185992976,14.177069069936353,13.271913879499428,12.411347614682073,11.595370275484468,10.823981861906532,10.097182373948185,9.41497181160958,8.777350174890664,8.184317463791347,7.635873678311762,7.132018818451838,6.672752884211551,6.258075875590963,5.887987792590052,5.562488635208763,5.2815784034471935,5.045257097305284,4.853524716783035,4.706381261880464
0.009,68.10696925921228,65.75713287869802,63.45188542380328,61.19122689452843,58.97515729087319,56.80367661283746,54.67678486042157,52.59448203362535,50.55676813244867,48.563643156891764,46.6151071069546,44.71115998263688,42.85180178393898,41.037032510860804,39.26685216340213,37.54126074156327,35.8602582453441,34.22384467474444,32.63202002976459,31.084784310404437,29.582137516663746,28.12407964854291,26.71061070604174,25.341730689160237,24.017439597898285,22.737737432256132,21.502624192233533,20.312099877830708,19.16616448904755,18.064818025884065,17.008060488340153,15.995891876415989,15.028312190111528,14.105321429426633,13.226919594361492,12.393106684916015,11.603882701090129,10.859247642883988,10.15920151029753,9.503744303330668,8.892876021983543,8.326596666256084,7.804906236148258,7.327804731660129,6.895292152791683,6.507368499542849,6.164033771913741,5.865287969904293,5.6111310935145005,5.401563142744393
0.005,71.97218053931326,69.55991966293148,67.19224771216918,64.86916468702677,62.59067058750402,60.35676541360075,58.167449165317315,56.02272184265355,53.922583445609334,51.86703397418489,49.856073428380185,47.889701808194935,45.967919113629485,44.09072534468378,42.25812050135756,40.47010458365117,38.72667759156445,37.02783952509725,35.373590384249866,33.763930169022174,32.19885887941394,30.678376515425562,29.202483077056858,27.771178564307817,26.38446297717832,25.042336315668624,23.744798579778486,22.491849769508125,21.283489884857424,20.1197189258264,19.000536892414953,17.92594378462325,16.895939602451257,15.910524345898814,14.969698014966136,14.073460609653123,13.221812129959687,12.414752575886009,11.652281947432016,10.93440024459761,10.261107467382947,9.632403615787949,9.048288689812583,8.508762689456915,8.013825614720934,7.563477465604552,7.157718242107907,6.796547944230923,6.479966571973586,6.207974125335939
0.002,75.94862092114185,73.47393554889253,71.04383910226271,68.65833158125275,66.31741298586246,64.02108331609163,61.76934257194068,59.56219075340939,57.39962786049761,55.28165389320564,53.2082688515334,51.179472735480594,49.19526554504761,47.25564728023438,45.36061794104061,43.51017752746667,41.70432603951242,39.94306347717769,38.22638984046275,36.55430512936752,34.92680934389175,33.34390248403583,31.80558454979959,30.311855541183004,28.86271545818597,27.45816430080874,26.098202069051055,24.782828762913155,23.512044382394922,22.28584892749636,21.10424239821737,19.967224794558128,18.874796116518596,17.82695636409861,16.823705537298395,15.865043636117846,14.950970660556862,14.08148661061565,13.25659148629412,12.476285287592171,11.74056801450997,11.049439667047436,10.402900245204526,9.800949748981319,9.243588178377799,8.730815533393875,8.262631814029692,7.839037020285169,7.460031152160291,7.125614209655104
-0.001,80.03629040469805,77.49918053658119,75.00665959408383,72.55872757720634,70.15538448594849,67.79663032031011,65.48246508029163,63.21288876589281,60.9879013771135,58.80750291395398,56.6716933764142,54.58047276449386,52.53384107819335,50.53179831751256,48.57434448245126,46.66147957300976,44.79320358918798,42.96951653098571,41.190418398403246,39.45590919144049,37.76598891009716,36.1206575543737,34.51991512426992,32.96376161978581,31.452197040921234,29.985221387676454,28.562834660051237,27.185036858045784,25.851827981660033,24.563208030893932,23.319177005747388,22.119734906220597,20.96488173231353,19.854617484026015,18.78894216135826,17.767855764310173,16.79135829288165,15.85944974707289,14.972130126883828,14.129399432314328,13.3312576633646,12.577704820034528,11.86874090232408,11.204365910233324,10.584579843762269,10.009382702910806,9.478774487679084,8.992755198067023,8.551324834074599,8.15448339570187
-0.005,84.2351889899819,81.63565462599752,79.08070918763259,76.57035267488757,74.10458508776219,71.6834064262563,69.30681669037025,66.97481588010388,64.68740399545702,62.44458103642999,60.246347003022656,58.09270189523476,55.983645713066714,53.91917845651839,51.89930012558955,49.92401072028054,47.99331024059122,46.107198686521386,44.26567605807138,42.468742355241076,40.716397578030204,39.00864172643921,37.345474800467905,35.726896800116236,34.15290772538413,32.62350757627182,31.138696352779043,29.69847405490607,28.30284068265276,26.951796236019124,25.64534071500505,24.383474119610735,23.166196449836132,21.99350770568105,20.865407887145764,19.781896994230134,18.74297502693407,17.748641985257777,16.798897869201173,15.893742678764138,15.033176413946864,14.217199074749255,13.445810661171254,12.71901117321297,12.036800610874378,11.399178974155367,10.806146263056108,10.257702477576508,9.75384761771655,9.294581683476288
