Time (s),Ay (m/s²),Fᵧ (N)
0.004999999888241291,-9.763221740722656,-0.1019819900393486
0.009999999776482582,-9.794465065002441,-0.10199286043643951
0.014999999664723873,-9.784881591796875,-0.11043867468833923
0.019999999552965164,-9.764392852783203,-0.1019819900393486
0.02500000037252903,-9.793399810791016,-0.10200916230678558
0.029999999329447746,-9.784775733947754,-0.11042236536741257
0.03500000014901161,-9.791346549987793,-0.09774821251630783
0.03999999910593033,-9.773173332214355,-0.1019819900393486
0.04500000178813934,-9.787880897521973,-0.1019819900393486
0.05000000074505806,-9.804971694946289,-0.1019819900393486
0.054999999701976776,-9.788285255432129,-0.1019819900393486
0.05999999865889549,-9.807828903198242,-0.10204721242189407
0.06499999761581421,-9.79556655883789,-0.1104549765586853
0.07000000029802322,-9.794478416442871,-0.10622119903564453
0.07500000298023224,-9.813055038452148,-0.11892253160476685
0.07999999821186066,-9.800247192382812,-0.11892253160476685
0.08500000089406967,-9.76177978515625,-0.11468874663114548
0.09000000357627869,-9.771660804748535,-0.11468874663114548
0.0949999988079071,-9.779131889343262,-0.1104549765586853
0.10000000149011612,-9.77529525756836,-0.11892253160476685
0.10499999672174454,-9.77700138092041,-0.1104549765586853
0.10999999940395355,-9.783915519714355,-0.1061016321182251
0.11500000208616257,-9.79224681854248,-0.1019819900393486
0.11999999731779099,-9.79010009765625,-0.09774821251630783
0.125,-9.775232315063477,-0.1019819900393486
0.12999999523162842,-9.76567554473877,-0.10621576756238937
0.13500000536441803,-9.811527252197266,-0.1019819900393486
0.14000000059604645,-9.810672760009766,-0.101981982588768
0.14499999582767487,-9.771900177001953,-0.1019819900393486
0.15000000596046448,-9.78365707397461,-0.1019819900393486
0.1550000011920929,-9.809110641479492,-0.10621576011180878
0.1599999964237213,-9.785209655761719,-0.1019819900393486
0.16500000655651093,-9.787008285522461,-0.10621576756238937
0.17000000178813934,-9.764508247375488,-0.10640054941177368
0.17499999701976776,-9.769052505493164,-0.1104549765586853
0.18000000715255737,-9.785174369812012,-0.10622119903564453
0.1850000023841858,-9.80147933959961,-0.1104549765586853
0.1899999976158142,-9.77285099029541,-0.1104549765586853
0.19499999284744263,-9.752570152282715,-0.11447679251432419
0.20000000298023224,-9.792905807495117,-0.10621576011180878
0.20499999821186066,-9.811505317687988,-0.10643859952688217
0.20999999344348907,-9.820917129516602,-0.10599293559789658
0.2150000035762787,-9.793895721435547,-0.10221568495035172
0.2199999988079071,-9.772356033325195,-0.11021584272384644
0.22499999403953552,-9.800440788269043,-0.1019819900393486
0.23000000417232513,-9.804862976074219,-0.101981982588768
0.23499999940395355,-9.812092781066895,-0.1019819900393486
0.23999999463558197,-9.778963088989258,-0.1019819900393486
0.24500000476837158,-9.769316673278809,-0.10224829614162445
0.25,-9.793872833251953,-0.10622119903564453
0.2549999952316284,-9.811576843261719,-0.10622119903564453
0.25999999046325684,-9.796512603759766,-0.10593858361244202
0.26499998569488525,-9.770378112792969,-0.10227003693580627
0.27000001072883606,-9.783856391906738,-0.11468875408172607
0.2750000059604645,-9.783730506896973,-0.11015605181455612
0.2800000011920929,-9.765610694885254,-0.10652011632919312
0.2849999964237213,-9.77631664276123,-0.1101451888680458
0.28999999165534973,-9.791034698486328,-0.1107647642493248
0.29499998688697815,-9.798760414123535,-0.11436809599399567
0.30000001192092896,-9.802512168884277,-0.10621576756238937
0.3050000071525574,-9.783964157104492,-0.1065472885966301
0.3100000023841858,-9.778246879577637,-0.10588423907756805
0.3149999976158142,-9.809154510498047,-0.1019819900393486
0.3199999928474426,-9.78425407409668,-0.101981982588768
0.32499998807907104,-9.787755966186523,-0.10621576756238937
0.33000001311302185,-9.785313606262207,-0.10621576756238937
0.33500000834465027,-9.803183555603027,-0.10621576011180878
0.3400000035762787,-9.819417953491211,-0.1019819900393486
0.3449999988079071,-9.779186248779297,-0.11082455515861511
0.3499999940395355,-9.780004501342773,-0.1104549691081047
0.35499998927116394,-9.7734375,-0.11892252415418625
0.36000001430511475,-9.802142143249512,-0.1104549765586853
0.36500000953674316,-9.789002418518066,-0.11892253160476685
0.3700000047683716,-9.768572807312012,-0.11892253160476685
0.375,-9.765105247497559,-0.11468874663114548
0.3799999952316284,-9.811168670654297,-0.11468874663114548
0.38499999046325684,-9.810991287231445,-0.1104549765586853
0.38999998569488525,-9.794172286987305,-0.1104549765586853
0.39500001072883606,-9.788193702697754,-0.11002561450004578
0.4000000059604645,-9.793030738830566,-0.11044954508543015
0.4050000011920929,-9.789437294006348,-0.10665598511695862
0.4099999964237213,-9.792316436767578,-0.11424309015274048
0.41499999165534973,-9.779584884643555,-0.10243308544158936
0.41999998688697815,-9.780540466308594,-0.1104549765586853
0.42500001192092896,-9.776854515075684,-0.1104549765586853
0.4300000071525574,-9.776453018188477,-0.11468875408172607
0.4350000023841858,-9.774136543273926,-0.11892253160476685
0.4399999976158142,-9.786260604858398,-0.11892253160476685
0.4449999928474426,-9.788094520568848,-0.11892253160476685
0.44999998807907104,-9.799554824829102,-0.11892252415418625
0.45500001311302185,-9.78357982635498,-0.11892253160476685
0.46000000834465027,-9.788324356079102,-0.12365631014108658
0.4650000035762787,-9.78580093383789,-0.12265630066394806
0.4699999988079071,-9.787687301635742,-0.11892253160476685
0.4749999940395355,-9.800436973571777,-0.11468874663114548
0.47999998927116394,-9.805042266845703,-0.11468875408172607
0.48500001430511475,-9.826149940490723,-0.1104549765586853
0.49000000953674316,-9.803260803222656,-0.11892253160476685
0.4950000047683716,-9.795409202575684,-0.12315630167722702
0.5,-9.786423683166504,-0.11892252415418625
0.5049999952316284,-9.759501457214355,-0.11892253160476685
0.5099999904632568,-9.787322998046875,-0.12371066212654114
0.5149999856948853,-9.801535606384277,-0.13162928819656372
0.5199999809265137,-9.791213989257812,-0.1358630657196045
0.5249999761581421,-9.806930541992188,-0.13162928819656372
0.5299999713897705,-9.81604290008545,-0.14009682834148407
0.5350000262260437,-9.79867172241211,-0.1364445984363556
0.5400000214576721,-9.82334041595459,-0.1479828655719757
0.5450000166893005,-9.792458534240723,-0.14915679395198822
0.550000011920929,-9.804903984069824,-0.14856982231140137
0.5550000071525574,-9.820923805236816,-0.1570373773574829
0.5600000023841858,-9.802120208740234,-0.1576460897922516
0.5649999976158142,-9.800647735595703,-0.15642867982387543
0.5699999928474426,-9.795930862426758,-0.15342319011688232
0.574999988079071,-9.797479629516602,-0.16974414885044098
0.5799999833106995,-9.781431198120117,-0.16974414885044098
0.5849999785423279,-9.78686237335205,-0.16974414885044098
0.5899999737739563,-9.800448417663574,-0.1710267812013626
0.5950000286102295,-9.782434463500977,-0.1860433667898178
0.6000000238418579,-9.781209945678711,-0.18668466806411743
0.6050000190734863,-9.779741287231445,-0.18668468296527863
0.6100000143051147,-9.806100845336914,-0.1958152800798416
0.6150000095367432,-9.801898002624512,-0.1993914395570755
0.6200000047683716,-9.796523094177246,-0.20362521708011627
0.625,-9.803611755371094,-0.2043045610189438
0.6299999952316284,-9.782273292541504,-0.20717962086200714
0.6349999904632568,-9.795062065124512,-0.20854921638965607
0.6399999856948853,-9.805136680603027,-0.22549520432949066
0.6449999809265137,-9.795902252197266,-0.22833764553070068
0.6499999761581421,-9.786785125732422,-0.22903332114219666
0.6549999713897705,-9.77970027923584,-0.23397904634475708
0.6600000262260437,-9.80104923248291,-0.23822370171546936
0.6650000214576721,-9.798851013183594,-0.24246834218502045
0.6700000166893005,-9.774197578430176,-0.2452564388513565
0.675000011920929,-9.787569999694824,-0.24671298265457153
0.6800000071525574,-9.773370742797852,-0.2579469084739685
0.6850000023841858,-9.788898468017578,-0.2551914155483246
0.6899999976158142,-9.790324211120605,-0.2629198133945465
0.6949999928474426,-9.790816307067871,-0.28484416007995605
0.699999988079071,-9.786755561828613,-0.2933225929737091
0.7049999833106995,-9.815462112426758,-0.30103468894958496
0.7099999785423279,-9.813575744628906,-0.30180642008781433
0.7149999737739563,-9.785614967346191,-0.3129642605781555
0.7200000286102295,-9.797492980957031,-0.3102848529815674
0.7250000238418579,-9.81304931640625,-0.32644277811050415
0.7300000190734863,-9.797802925109863,-0.318768709897995
0.7350000143051147,-9.763968467712402,-0.32564929127693176
0.7400000095367432,-9.804187774658203,-0.32381772994995117
0.7450000047683716,-9.795465469360352,-0.3383451998233795
0.75,-9.798845291137695,-0.3441985547542572
0.7549999952316284,-9.794475555419922,-0.35103559494018555
0.7599999904632568,-9.767007827758789,-0.35691073536872864
0.7649999856948853,-9.802494049072266,-0.3577531576156616
0.7699999809265137,-9.787190437316895,-0.376432865858078
0.7749999761581421,-9.785017013549805,-0.38318297266960144
0.7799999713897705,-9.827072143554688,-0.4026779532432556
0.7850000262260437,-9.794299125671387,-0.41623252630233765
0.7900000214576721,-9.770514488220215,-0.4204772114753723
0.7950000166893005,-9.77224063873291,-0.45012447237968445
0.800000011920929,-9.807076454162598,-0.4534994959831238
0.8050000071525574,-9.751797676086426,-0.4764184355735779
0.8100000023841858,-9.820865631103516,-0.48826104402542114
0.8149999976158142,-9.818611145019531,-0.5043211579322815
0.8199999928474426,-9.843398094177246,-0.5136800408363342
0.824999988079071,-9.744902610778809,-0.5170279145240784
0.8299999833106995,-9.929363250732422,-0.5170279145240784
0.8349999785423279,-9.986433982849121,-0.5254954695701599
0.8399999737739563,-9.777630805969238,-0.5221747756004333
0.8450000286102295,-9.77702808380127,-0.5424360036849976
0.8500000238418579,-9.844517707824707,-0.5330445170402527
0.8550000190734863,-9.746542930603027,-0.540055513381958
0.8600000143051147,-9.712053298950195,-0.5466752052307129
0.8650000095367432,-9.875164985656738,-0.5551427602767944
0.8700000047683716,-9.811848640441895,-0.5687897205352783
0.875,-9.795357704162598,-0.5857356786727905
0.8799999952316284,-9.875038146972656,-0.5890238285064697
0.8849999904632568,-9.980623245239258,-0.5932576060295105
0.8899999856948853,-9.814397811889648,-0.6069263219833374
0.8949999809265137,-9.69444465637207,-0.6154047250747681
0.8999999761581421,-9.753988265991211,-0.6271386742591858
0.9049999713897705,-9.793048858642578,-0.6365899443626404
0.9100000262260437,-9.813483238220215,-0.6535359621047974
0.9150000214576721,-9.803458213806152,-0.6662481427192688
0.9200000166893005,-9.728845596313477,-0.6779603362083435
0.925000011920929,-9.741231918334961,-0.6874333620071411
0.9300000071525574,-9.793844223022461,-0.7086130976676941
0.9350000023841858,-9.8338041305542,-0.7118414044380188
0.9399999976158142,-9.767894744873047,-0.7118414044380188
0.9449999928474426,-9.6969575881958,-0.7118414044380188
0.949999988079071,-9.765968322753906,-0.7118414044380188
0.9549999833106995,-9.856193542480469,-0.7329288125038147
0.9599999785423279,-9.832751274108887,-0.7573911547660828
0.9649999737739563,-9.724615097045898,-0.7510105967521667
0.9700000286102295,-9.671915054321289,-0.7796035408973694
0.9750000238418579,-9.776407241821289,-0.7848970890045166
0.9800000190734863,-9.84926986694336,-0.7976093292236328
0.9850000143051147,-9.859023094177246,-0.8145552277565002
0.9900000095367432,-9.749900817871094,-0.8304251432418823
0.9950000047683716,-9.74613094329834,-0.8261913657188416
1,-9.788143157958984,-0.8495342135429382
1.0049999952316284,-9.853203773498535,-0.8473711609840393
1.0099999904632568,-9.808257102966309,-0.8589746356010437
1.0149999856948853,-10.026212692260742,-0.8633768558502197
1.0199999809265137,-9.835175514221191,-0.8832685351371765
1.024999976158142,-9.764886856079102,-0.8877034187316895
1.0299999713897705,-9.833747863769531,-0.8928340077400208
1.034999966621399,-9.802249908447266,-0.9035407304763794
1.0399999618530273,-9.692097663879395,-0.8981873393058777
1.0449999570846558,-9.780143737792969,-0.8939535617828369
1.0499999523162842,-9.790782928466797,-0.8993287086486816
1.0549999475479126,-9.726240158081055,-0.9312695264816284
1.059999942779541,-9.760229110717773,-0.9490143656730652
1.065000057220459,-9.882071495056152,-0.9628733396530151
1.0700000524520874,-9.877876281738281,-0.9840530753135681
1.0750000476837158,-9.849177360534668,-0.9967652559280396
1.0800000429153442,-9.85529899597168,-1.0040696859359741
1.0850000381469727,-9.9160737991333,-1.0210049152374268
1.090000033378601,-9.882265090942383,-1.0179558992385864
1.0950000286102295,-9.726363182067871,-1.025244116783142
1.100000023841858,-9.685816764831543,-1.025244116783142
1.1050000190734863,-9.735729217529297,-1.029477834701538
1.1100000143051147,-9.826138496398926,-1.025244116783142
1.1150000095367432,-9.838560104370117,-1.0337116718292236
1.1200000047683716,-9.740358352661133,-1.0337116718292236
1.125,-9.6896333694458,-1.0337116718292236
1.1299999952316284,-9.802635192871094,-1.025244116783142
1.1349999904632568,-9.841527938842773,-1.024010419845581
1.1399999856948853,-9.819978713989258,-1.0210049152374268
1.1449999809265137,-9.717693328857422,-1.0070589780807495
1.149999976158142,-9.708251953125,-0.9955968260765076
1.1549999713897705,-9.852581977844238,-1.0272767543792725
1.159999966621399,-9.88870906829834,-1.0608426332473755
1.1649999618530273,-9.73812484741211,-1.0409183502197266
1.1699999570846558,-9.847886085510254,-1.0756309032440186
1.1749999523162842,-9.962960243225098,-1.0747884511947632
1.1799999475479126,-9.78675365447998,-1.1010770797729492
1.184999942779541,-9.821440696716309,-1.1099467277526855
1.190000057220459,-9.867044448852539,-1.1281753778457642
1.1950000524520874,-9.826449394226074,-1.1353548765182495
1.2000000476837158,-9.725605010986328,-1.131121039390564
1.2050000429153442,-9.769020080566406,-1.136664628982544
1.2100000381469727,-9.81845474243164,-1.138278841972351
1.215000033378601,-9.726761817932129,-1.1353548765182495
1.2200000286102295,-9.765715599060059,-1.1395885944366455
1.225000023841858,-9.82478141784668,-1.1409200429916382
1.2300000190734863,-9.771502494812012,-1.163437008857727
1.2350000143051147,-9.753355979919434,-1.1777089834213257
1.2400000095367432,-9.900603294372559,-1.191758155822754
1.2450000047683716,-9.89473819732666,-1.2073508501052856
1.25,-9.799813270568848,-1.2185357809066772
1.2549999952316284,-9.779813766479492,-1.2285305261611938
1.2599999904632568,-9.910335540771484,-1.2369980812072754
1.2649999856948853,-9.89657974243164,-1.2327642440795898
1.2699999809265137,-9.762364387512207,-1.2369980812072754
1.274999976158142,-9.640080451965332,-1.2327642440795898
1.2799999713897705,-9.777076721191406,-1.2369979619979858
1.284999966621399,-9.817673683166504,-1.2412317991256714
1.2899999618530273,-9.862061500549316,-1.2369979619979858
1.2949999570846558,-9.746889114379883,-1.2369980812072754
1.2999999523162842,-9.699469566345215,-1.2327643632888794
1.3049999475479126,-9.828983306884766,-1.2285305261611938
1.309999942779541,-9.908441543579102,-1.232802391052246
1.315000057220459,-9.753705024719238,-1.2835859060287476
1.3200000524520874,-9.82347583770752,-1.2680150270462036
1.3250000476837158,-9.894688606262207,-1.2524983882904053
1.3300000429153442,-9.870054244995117,-1.2342100143432617
1.3350000381469727,-9.682573318481445,-1.2934937477111816
1.340000033378601,-9.883418083190918,-1.2751129865646362
1.3450000286102295,-9.843116760253906,-1.275265097618103
1.350000023841858,-9.763385772705078,-1.3244671821594238
1.3550000190734863,-9.714991569519043,-1.304760217666626
1.3600000143051147,-9.800365447998047,-1.3261302709579468
1.3650000095367432,-9.848650932312012,-1.3456306457519531
1.3700000047683716,-9.761576652526855,-1.3386412858963013
1.375,-9.758166313171387,-1.3344075679779053
1.3799999952316284,-9.836397171020508,-1.3301738500595093
1.3849999904632568,-9.786365509033203,-1.340146780014038
1.3899999856948853,-9.782593727111816,-1.3555818796157837
1.3949999809265137,-9.789688110351562,-1.3570982217788696
1.399999976158142,-9.817778587341309,-1.3740442991256714
1.4049999713897705,-9.7874116897583,-1.389462947845459
1.409999966621399,-9.7723970413208,-1.3909956216812134
1.4149999618530273,-9.868896484375,-1.4079415798187256
1.4199999570846558,-9.85138988494873,-1.4106427431106567
1.4249999523162842,-9.82785701751709,-1.4291267395019531
1.4299999475479126,-9.75859546661377,-1.4318170547485352
1.434999942779541,-9.794981956481934,-1.4333767890930176
1.440000057220459,-9.810861587524414,-1.4429584741592407
1.4450000524520874,-9.824944496154785,-1.4402846097946167
1.4500000476837158,-9.805501937866211,-1.4445184469223022
1.4550000429153442,-9.774511337280273,-1.4387030601501465
1.4600000381469727,-9.80990219116211,-1.4275777339935303
1.465000033378601,-9.800233840942383,-1.4291702508926392
1.4700000286102295,-9.800909996032715,-1.430219054222107
1.475000023841858,-9.829368591308594,-1.4090394973754883
1.4800000190734863,-9.813014030456543,-1.406403660774231
1.4850000143051147,-9.843509674072266,-1.3985446691513062
1.4900000095367432,-9.780126571655273,-1.5028020143508911
1.4950000047683716,-9.837996482849121,-1.4810136556625366
1.5,-9.908553123474121,-1.4849213361740112
1.5049999952316284,-9.838706970214844,-1.5360581874847412
1.5099999904632568,-9.818142890930176,-1.5047694444656372
1.5149999856948853,-9.798341751098633,-1.5306233167648315
1.5199999809265137,-9.84203052520752,-1.5682761669158936
1.524999976158142,-9.831231117248535,-1.5504008531570435
1.5299999713897705,-9.768852233886719,-1.5960646867752075
1.534999966621399,-9.801443099975586,-1.586847186088562
1.5399999618530273,-9.828903198242188,-1.573249101638794
1.5449999570846558,-9.806528091430664,-1.6240651607513428
1.5499999523162842,-9.779440879821777,-1.6054561138153076
1.5549999475479126,-9.78978443145752,-1.5952985286712646
1.559999942779541,-9.812914848327637,-1.586820125579834
1.565000057220459,-9.809113502502441,-1.5758088827133179
1.5700000524520874,-9.785826683044434,-1.5673413276672363
1.5750000476837158,-9.768407821655273,-1.5715751647949219
1.5800000429153442,-9.770503997802734,-1.5715751647949219
1.5850000381469727,-9.787525177001953,-1.5859992504119873
1.590000033378601,-9.793326377868652,-1.6046735048294067
1.5950000286102295,-9.782885551452637,-1.6223968267440796
1.600000023841858,-9.780797958374023,-1.62239670753479
1.6050000190734863,-9.787219047546387,-1.6266305446624756
1.6100000143051147,-9.800909996032715,-1.6326143741607666
1.6150000095367432,-9.777016639709473,-1.639337182044983
1.6200000047683716,-9.798566818237305,-1.645331859588623
1.625,-9.819999694824219,-1.6562777757644653
1.6299999952316284,-9.81104850769043,-1.6622834205627441
1.6349999904632568,-9.810966491699219,-1.6647509336471558
1.6399999856948853,-9.79392147064209,-1.6774519681930542
1.6449999809265137,-9.779871940612793,-1.6834739446640015
1.649999976158142,-9.805888175964355,-1.6925991773605347
1.6549999713897705,-9.794968605041504,-1.6919523477554321
1.659999966621399,-9.805008888244629,-1.6943926811218262
1.6649999618530273,-9.812527656555176,-1.7004362344741821
1.6699999570846558,-9.797788619995117,-1.7010504007339478
1.6749999523162842,-9.882832527160645,-1.7700517177581787
1.6799999475479126,-9.788429260253906,-1.807508945465088
1.684999942779541,-9.782699584960938,-1.7936336994171143
1.690000057220459,-9.934205055236816,-1.824558138847351
1.6950000524520874,-9.753317832946777,-1.8577271699905396
1.7000000476837158,-9.871191024780273,-1.845015048980713
1.7050000429153442,-9.904891967773438,-1.8717330694198608
1.7100000381469727,-9.847440719604492,-1.868037223815918
1.715000033378601,-9.814314842224121,-1.8910702466964722
1.7200000286102295,-9.849979400634766,-1.8892115354537964
1.725000023841858,-9.839524269104004,-1.8995542526245117
1.7300000190734863,-9.906594276428223,-1.9019182920455933
1.7350000143051147,-9.831335067749023,-1.9042662382125854
1.7400000095367432,-9.84730339050293,-1.9080380201339722
1.7450000047683716,-9.82496452331543,-1.9146195650100708
1.75,-9.875777244567871,-1.9249894618988037
1.7549999952316284,-9.77972412109375,-1.9146250486373901
1.7599999904632568,-9.960047721862793,-1.9419407844543457
1.7649999856948853,-9.928616523742676,-1.9377179145812988
1.7699999809265137,-10.00822639465332,-1.9550496339797974
1.774999976158142,-10.031493186950684,-1.9569683074951172
1.7799999713897705,-10.089956283569336,-1.965071678161621
1.784999966621399,-10.058154106140137,-1.9781479835510254
1.7899999618530273,-10.10708999633789,-1.986615538597107
1.7949999570846558,-10.094887733459473,-1.986615538597107
1.7999999523162842,-9.977659225463867,-1.9634901285171509
1.8049999475479126,-9.95913314819336,-1.961207389831543
1.809999942779541,-10.014473915100098,-1.969675064086914
1.815000057220459,-9.969371795654297,-1.955000877380371
1.8200000524520874,-9.942793846130371,-1.958946704864502
1.8250000476837158,-10.019466400146484,-1.969675064086914
1.8300000429153442,-9.999858856201172,-1.969675064086914
1.8350000381469727,-10.04625415802002,-1.9759033918380737
1.840000033378601,-9.955742835998535,-1.9656803607940674
1.8450000286102295,-9.870555877685547,-1.9442670345306396
1.850000023841858,-9.930834770202637,-1.9527345895767212
1.8550000190734863,-9.921059608459473,-1.9527345895767212
1.8600000143051147,-9.914011001586914,-1.9462887048721313
1.8650000095367432,-9.91022777557373,-1.952739953994751
1.8700000047683716,-9.945075988769531,-1.9549410343170166
1.875,-9.904011726379395,-1.9485007524490356
1.8799999952316284,-9.875653266906738,-1.9463104009628296
1.8849999904632568,-9.941357612609863,-1.9612075090408325
1.8899999856948853,-9.93237590789795,-1.9591530561447144
1.8949999809265137,-9.857695579528809,-1.9400333166122437
1.899999976158142,-9.78869915008545,-1.9337341785430908
1.9049999713897705,-9.763330459594727,-1.9294894933700562
1.909999966621399,-9.757579803466797,-1.9209295511245728
1.9149999618530273,-9.73784351348877,-1.9146250486373901
1.9199999570846558,-9.6782865524292,-1.9019834995269775
1.9249999523162842,-9.683239936828613,-1.897679090499878
1.9299999475479126,-9.677444458007812,-1.9103803634643555
1.934999942779541,-9.668960571289062,-1.893445372581482
1.940000057220459,-9.653285026550293,-1.8976792097091675
1.9450000524520874,-9.605381965637207,-1.8892115354537964
1.9500000476837158,-9.58331298828125,-1.8913311958312988
1.9550000429153442,-9.677873611450195,-1.899793267250061
1.9600000381469727,-9.692934036254883,-1.908277153968811
1.965000033378601,-9.715493202209473,-1.9146196842193604
1.9700000286102295,-9.709860801696777,-1.9252285957336426
1.975000023841858,-9.709494590759277,-1.9230926036834717
1.9800000190734863,-9.731424331665039,-1.9315602779388428
1.9850000143051147,-9.743341445922852,-1.929402470588684
1.9900000095367432,-9.736031532287598,-1.9146195650100708
1.9950000047683716,-9.684210777282715,-1.9103859663009644
2,-9.632040977478027,-1.9019184112548828
2.005000114440918,-9.62584400177002,-1.9103858470916748
2.009999990463257,-9.546334266662598,-1.8997334241867065
2.015000104904175,-9.45046615600586,-1.8805972337722778
2.0199999809265137,-9.526359558105469,-1.8829288482666016
2.0250000953674316,-9.48459529876709,-1.8765047788619995
2.0299999713897705,-9.479439735412598,-1.880738615989685
2.0350000858306885,-9.505494117736816,-1.8829505443572998
2.0399999618530273,-9.549478530883789,-1.8827602863311768
2.0450000762939453,-9.656556129455566,-1.904130220413208
2.049999952316284,-9.688461303710938,-1.904363989830017
2.055000066757202,-9.915472984313965,-1.9420331716537476
2.059999942779541,-9.94202995300293,-1.9467452764511108
2.065000057220459,-9.974757194519043,-1.960957407951355
2.069999933242798,-10.114484786987305,-1.9826372861862183
2.075000047683716,-10.058087348937988,-1.9719359874725342
2.0799999237060547,-10.009376525878906,-1.9801263809204102
2.0850000381469727,-9.961706161499023,-1.978148102760315
2.0899999141693115,-9.888742446899414,-1.9739142656326294
2.0950000286102295,-9.748162269592285,-1.9569791555404663
2.0999999046325684,-9.811382293701172,-1.9673978090286255
2.1050000190734863,-9.933103561401367,-1.9761970043182373
2.109999895095825,-9.991154670715332,-1.9781479835510254
2.115000009536743,-10.095561981201172,-1.9804469347000122
2.119999885559082,-10.183205604553223,-1.9950885772705078
2.125,-10.267810821533203,-2.003556251525879
2.130000114440918,-10.182012557983398,-1.9993224143981934
2.134999990463257,-10.177505493164062,-2.001643180847168
2.140000104904175,-10.131265640258789,-2.0035617351531982
2.1449999809265137,-10.120560646057129,-2.003561496734619
2.1500000953674316,-10.09235954284668,-2.0012245178222656
2.1549999713897705,-10.102020263671875,-1.999322533607483
2.1600000858306885,-10.052785873413086,-1.9993224143981934
2.1649999618530273,-10.071929931640625,-1.9974420070648193
2.1700000762939453,-10.026473045349121,-1.99461030960083
2.174999952316284,-10.091670036315918,-1.9932135343551636
2.180000066757202,-10.089277267456055,-1.9950886964797974
2.184999942779541,-10.11038589477539,-2.001697540283203
2.190000057220459,-10.07982349395752,-1.9969472885131836
2.194999933242798,-10.037211418151855,-1.9993224143981934
2.200000047683716,-9.915351867675781,-1.979995846748352
2.2049999237060547,-9.751814842224121,-1.9781479835510254
2.2100000381469727,-9.682182312011719,-1.967278242111206
2.2149999141693115,-9.71066665649414,-1.967267394065857
2.2200000286102295,-9.769122123718262,-1.970262050628662
2.2249999046325684,-9.757880210876465,-1.9587944746017456
2.2300000190734863,-9.774004936218262,-1.961207389831543
2.234999895095825,-9.819022178649902,-1.9569737911224365
2.240000009536743,-9.840892791748047,-1.9612075090408325
2.244999885559082,-9.811086654663086,-1.9545334577560425
2.25,-9.877766609191895,-1.9527344703674316
2.255000114440918,-9.851275444030762,-1.9485007524490356
2.259999990463257,-9.860686302185059,-1.94426691532135
2.265000104904175,-9.842999458312988,-1.9357993602752686
2.2699999809265137,-9.838726043701172,-1.937565803527832
2.2750000953674316,-9.800641059875488,-1.9357938766479492
2.2799999713897705,-9.732004165649414,-1.9188588857650757
2.2850000858306885,-9.745689392089844,-1.9230926036834717
2.2899999618530273,-9.718243598937988,-1.9206035137176514
2.2950000762939453,-9.679303169250488,-1.912880539894104
2.299999952316284,-9.636792182922363,-1.9078912734985352
2.305000066757202,-9.642021179199219,-1.9146196842193604
2.309999942779541,-9.592236518859863,-1.9103859663009644
2.315000057220459,-9.570062637329102,-1.9103858470916748
2.319999933242798,-9.563315391540527,-1.9061521291732788
2.325000047683716,-9.513993263244629,-1.8951573371887207
2.3299999237060547,-9.582240104675293,-1.9002116918563843
2.3350000381469727,-9.57227897644043,-1.9078477621078491
2.3399999141693115,-9.568964004516602,-1.9086902141571045
2.3450000286102295,-9.649697303771973,-1.9087010622024536
2.3499999046325684,-9.652634620666504,-1.9230926036834717
2.3550000190734863,-9.70102310180664,-1.9315601587295532
2.359999895095825,-9.772370338439941,-1.9357939958572388
2.365000009536743,-9.772539138793945,-1.9341309070587158
2.369999885559082,-9.808938980102539,-1.940033197402954
2.375,-9.828709602355957,-1.9374516010284424
2.380000114440918,-9.810035705566406,-1.9357939958572388
2.384999990463257,-9.76908016204834,-1.934152603149414
2.390000104904175,-9.801745414733887,-1.937435269355774
2.3949999809265137,-9.79251766204834,-1.9341635704040527
2.4000000953674316,-9.832459449768066,-1.935799479484558
2.4049999713897705,-9.88653564453125,-1.9569683074951172
2.4100000858306885,-9.913446426391602,-1.9595879316329956
2.4149999618530273,-9.936446189880371,-1.9612075090408325
2.4200000762939453,-10.032537460327148,-1.9765393733978271
2.424999952316284,-10.030424118041992,-1.9807839393615723
2.430000066757202,-10.080587387084961,-1.9882134199142456
2.434999942779541,-10.068612098693848,-1.982381820678711
2.440000057220459,-10.069303512573242,-1.9892678260803223
2.444999933242798,-10.072500228881836,-1.9797296524047852
2.450000047683716,-10.02897834777832,-1.9797186851501465
2.4549999237060547,-9.919686317443848,-1.9723435640335083
2.4600000381469727,-9.9541654586792,-1.9670065641403198
2.4649999141693115,-9.948673248291016,-1.9638868570327759
2.4700000286102295,-9.95227336883545,-1.9781479835510254
2.4749999046325684,-9.885921478271484,-1.9712239503860474
2.4800000190734863,-9.904586791992188,-1.9654412269592285
2.484999895095825,-9.957388877868652,-1.9723762273788452
2.490000009536743,-9.890012741088867,-1.9754414558410645
2.494999885559082,-9.945645332336426,-1.9739089012145996
2.5,-9.858875274658203,-1.9612075090408325
2.505000114440918,-9.853897094726562,-1.965441346168518
2.509999990463257,-9.862743377685547,-1.969675064086914
2.515000104904175,-9.88653564453125,-1.963941216468811
2.5199999809265137,-9.960517883300781,-1.9781479835510254
2.5250000953674316,-9.989441871643066,-1.9808926582336426
2.5299999713897705,-9.984862327575684,-1.9838709831237793
2.5350000858306885,-10.024014472961426,-1.9823817014694214
2.5399999618530273,-10.080187797546387,-1.9936103820800781
2.5450000762939453,-10.098597526550293,-1.9950885772705078
2.549999952316284,-10.094745635986328,-1.9965505599975586
2.555000066757202,-10.037984848022461,-1.989392876625061
2.559999942779541,-10.02701187133789,-1.983838438987732
2.565000057220459,-10.042681694030762,-1.982381820678711
2.569999933242798,-10.065281867980957,-1.9936429262161255
2.575000047683716,-10.069936752319336,-1.992289662361145
2.5799999237060547,-10.012324333190918,-1.985186219215393
2.5850000381469727,-9.958260536193848,-1.9682999849319458
2.5899999141693115,-9.926000595092773,-1.965441346168518
2.5950000286102295,-9.872505187988281,-1.9499192237854004
2.5999999046325684,-9.868109703063965,-1.948500633239746
2.6050000190734863,-9.839004516601562,-1.9414353370666504
2.609999895095825,-9.790485382080078,-1.9400278329849243
2.615000009536743,-9.784905433654785,-1.9315602779388428
2.619999885559082,-9.70107650756836,-1.9230926036834717
2.625,-9.685089111328125,-1.9273263216018677
2.630000114440918,-9.71438980102539,-1.9273264408111572
2.634999990463257,-9.714035034179688,-1.9273263216018677
2.640000104904175,-9.701212882995605,-1.9273263216018677
2.6449999809265137,-9.706395149230957,-1.9273264408111572
2.6500000953674316,-9.717591285705566,-1.9273264408111572
2.6549999713897705,-9.680475234985352,-1.9244403839111328
2.6600000858306885,-9.694721221923828,-1.9315547943115234
2.6649999618530273,-9.719850540161133,-1.9288808107376099
2.6700000762939453,-9.72561264038086,-1.935799479484558
2.674999952316284,-9.759014129638672,-1.94426691532135
2.680000066757202,-9.826857566833496,-1.9598814249038696
2.684999942779541,-9.844252586364746,-1.9641259908676147
2.690000057220459,-9.852884292602539,-1.9582889080047607
2.694999933242798,-9.80603313446045,-1.9540443420410156
2.700000047683716,-9.719751358032227,-1.9328645467758179
2.7049999237060547,-9.741081237792969,-1.9315601587295532
2.7100000381469727,-9.794095993041992,-1.9429733753204346
2.7149999141693115,-9.726325035095215,-1.935799479484558
2.7200000286102295,-9.711155891418457,-1.9370765686035156
2.7249999046325684,-9.737469673156738,-1.9357939958572388
2.7300000190734863,-9.687748908996582,-1.9273264408111572
2.734999895095825,-9.693291664123535,-1.9273264408111572
2.740000009536743,-9.622241973876953,-1.911646842956543
2.744999885559082,-9.540214538574219,-1.9074021577835083
2.75,-9.497150421142578,-1.9049021005630493
2.755000114440918,-9.395753860473633,-1.9116250276565552
2.759999990463257,-9.333337783813477,-1.9091466665267944
2.765000104904175,-9.268014907836914,-1.8976845741271973
2.7699999809265137,-9.294898986816406,-1.9073748588562012
2.7750000953674316,-9.461148262023926,-1.9121792316436768
2.7799999713897705,-9.654809951782227,-1.934581995010376
2.7850000858306885,-9.833538055419922,-1.9672565460205078
2.7899999618530273,-9.915020942687988,-1.982381820678711
2.7950000762939453,-9.940033912658691,-1.9854199886322021
2.799999952316284,-10.052911758422852,-1.9981321096420288
2.805000066757202,-10.061037063598633,-2.0035617351531982
2.809999942779541,-10.057554244995117,-2.003561496734619
2.815000057220459,-10.09727668762207,-2.0120291709899902
2.819999933242798,-10.058985710144043,-2.004729986190796
2.825000047683716,-9.960728645324707,-1.9920178651809692
2.8299999237060547,-9.999296188354492,-1.9993170499801636
2.8350000381469727,-9.997642517089844,-1.9896972179412842
2.8399999141693115,-9.948126792907715,-1.9866210222244263
2.8450000286102295,-9.98410415649414,-1.9877623319625854
2.8499999046325684,-9.985868453979492,-1.986615538597107
2.8550000190734863,-9.98149585723877,-1.986615538597107
2.859999895095825,-9.949533462524414,-1.978148102760315
2.865000009536743,-9.918728828430176,-1.978148102760315
2.869999885559082,-9.855550765991211,-1.9549736976623535
2.875,-9.821221351623535,-1.9516257047653198
2.880000114440918,-9.81949234008789,-1.9453755617141724
2.884999990463257,-9.823311805725098,-1.9527344703674316
2.890000104904175,-9.837625503540039,-1.9485007524490356
2.8949999809265137,-9.792619705200195,-1.940033197402954
2.9000000953674316,-9.815682411193848,-1.9485007524490356
2.9049999713897705,-9.768450736999512,-1.935799479484558
2.9100000858306885,-9.762298583984375,-1.9326362609863281
2.9149999618530273,-9.771783828735352,-1.9357939958572388
2.9200000762939453,-9.760479927062988,-1.9315601587295532
2.924999952316284,-9.768462181091309,-1.9315601587295532
2.930000066757202,-9.77168083190918,-1.9389787912368774
2.934999942779541,-9.712640762329102,-1.9357993602752686
2.940000057220459,-9.67691421508789,-1.933641791343689
2.944999933242798,-9.666837692260742,-1.9262884855270386
2.950000047683716,-9.694864273071289,-1.9273263216018677
2.9549999237060547,-9.655203819274902,-1.9315601587295532
2.9600000381469727,-9.700206756591797,-1.9357939958572388
2.9649999141693115,-9.712483406066895,-1.9390169382095337
2.9700000286102295,-9.814602851867676,-1.9517289400100708
2.9749999046325684,-9.827177047729492,-1.9602075815200806
2.9800000190734863,-9.801243782043457,-1.9622074365615845
2.984999895095825,-9.84479808807373,-1.9686859846115112
2.990000009536743,-9.85085678100586,-1.966430425643921
2.994999885559082,-9.83022689819336,-1.965441346168518
3,-9.858765602111816,-1.9654412269592285
3.005000114440918,-9.806097030639648,-1.956973671913147
3.009999990463257,-9.800387382507324,-1.9537019729614258
3.015000104904175,-9.780498504638672,-1.9517779350280762
3.0199999809265137,-9.839777946472168,-1.9527398347854614
3.0250000953674316,-9.81611156463623,-1.952739953994751
3.0299999713897705,-9.776987075805664,-1.9452126026153564
3.0350000858306885,-9.762697219848633,-1.9442670345306396
3.0399999618530273,-9.773120880126953,-1.940962553024292
3.0450000762939453,-9.774380683898926,-1.9442615509033203
3.049999952316284,-9.7594633102417,-1.9442614316940308
3.055000066757202,-9.77524471282959,-1.9357939958572388
3.059999942779541,-9.860064506530762,-1.9509137868881226
3.065000057220459,-9.913357734680176,-1.965441346168518
3.069999933242798,-9.921984672546387,-1.961207389831543
3.075000047683716,-9.957763671875,-1.9814850091934204
3.0799999237060547,-9.998265266418457,-1.9781479835510254
3.0850000381469727,-9.979302406311035,-1.9857350587844849
3.0899999141693115,-10.026744842529297,-1.9908548593521118
3.0950000286102295,-10.00590705871582,-1.9866209030151367
3.0999999046325684,-10.021181106567383,-1.9959527254104614
3.1050000190734863,-9.975290298461914,-1.9908493757247925
3.109999895095825,-9.979986190795898,-1.9866156578063965
3.115000009536743,-9.947541236877441,-1.9781479835510254
3.119999885559082,-9.83748722076416,-1.978148102760315
3.125,-9.798372268676758,-1.9662835597991943
3.130000114440918,-9.77314567565918,-1.9612075090408325
3.134999990463257,-9.70685863494873,-1.9450985193252563
3.140000104904175,-9.685659408569336,-1.9485007524490356
3.1449999809265137,-9.657685279846191,-1.9366146326065063
3.1500000953674316,-9.664653778076172,-1.9307503700256348
3.1549999713897705,-9.633915901184082,-1.9281361103057861
3.1600000858306885,-9.580436706542969,-1.9196577072143555
3.1649999618530273,-9.522839546203613,-1.9069455862045288
3.1700000762939453,-9.486680030822754,-1.9019129276275635
3.174999952316284,-9.455805778503418,-1.8976792097091675
3.180000066757202,-9.449979782104492,-1.897679090499878
3.184999942779541,-9.57221794128418,-1.9061466455459595
3.190000057220459,-9.538588523864746,-1.893445372581482
3.194999933242798,-9.570446968078613,-1.897679090499878
3.200000047683716,-9.557001113891602,-1.897679090499878
3.2049999237060547,-9.48598575592041,-1.897679090499878
3.2100000381469727,-9.47917366027832,-1.8976792097091675
3.2149999141693115,-9.433692932128906,-1.8849778175354004
3.2200000286102295,-9.401383399963379,-1.8814777135849
3.2249999046325684,-9.404345512390137,-1.8842440843582153
3.2300000190734863,-9.390262603759766,-1.8857005834579468
3.234999895095825,-9.303605079650879,-1.8645209074020386
3.240000009536743,-9.355067253112793,-1.8680318593978882
3.244999885559082,-9.31004524230957,-1.8722655773162842
3.25,-9.30807113647461,-1.8637980222702026
3.255000114440918,-9.308089256286621,-1.8673361539840698
3.259999990463257,-9.296496391296387,-1.868037223815918
3.265000104904175,-9.311619758605957,-1.8687220811843872
3.2699999809265137,-9.286453247070312,-1.8595643043518066
3.2750000953674316,-9.252514839172363,-1.8637980222702026
3.2799999713897705,-9.43714427947998,-1.8793960809707642
3.2850000858306885,-9.772591590881348,-1.9288971424102783
3.2899999618530273,-10.041666030883789,-1.9810611009597778
3.2950000762939453,-10.163043975830078,-2.011371612548828
3.299999952316284,-10.08634090423584,-2.0042083263397217
3.305000066757202,-9.871550559997559,-1.9752024412155151
3.309999942779541,-9.66168212890625,-1.9250110387802124
3.315000057220459,-9.5135498046875,-1.9025487899780273
3.319999933242798,-9.574467658996582,-1.9012879133224487
3.325000047683716,-9.7447509765625,-1.9303157329559326
3.3299999237060547,-9.96336841583252,-1.964207649230957
3.3350000381469727,-10.068960189819336,-1.9902405738830566
3.3399999141693115,-10.057024955749512,-1.9950885772705078
3.3450000286102295,-9.925027847290039,-1.975115418434143
3.3499999046325684,-9.789419174194336,-1.9448648691177368
3.3550000190734863,-9.663445472717285,-1.9285058975219727
3.359999895095825,-9.687582015991211,-1.9267395734786987
3.365000009536743,-9.775735855102539,-1.9394516944885254
3.369999885559082,-9.90059757232666,-1.9606314897537231
3.375,-9.965627670288086,-1.9775774478912354
3.380000114440918,-9.982378005981445,-1.9744740724563599
3.384999990463257,-9.900808334350586,-1.9617618322372437
3.390000104904175,-9.800531387329102,-1.948500633239746
3.3949999809265137,-9.727725982666016,-1.9357993602752686
3.4000000953674316,-9.720170974731445,-1.940033197402954
3.4049999713897705,-9.77395248413086,-1.94426691532135
3.4100000858306885,-9.812615394592285,-1.956441044807434
3.4149999618530273,-9.87100887298584,-1.9733871221542358
3.4200000762939453,-9.908587455749512,-1.978148102760315
3.424999952316284,-9.854480743408203,-1.965957522392273
3.430000066757202,-9.816479682922363,-1.9532452821731567
3.434999942779541,-9.76502513885498,-1.948500633239746
3.440000057220459,-9.763045310974121,-1.9442670345306396
3.444999933242798,-9.76708984375,-1.9485007524490356
3.450000047683716,-9.833568572998047,-1.9564846754074097
3.4549999237060547,-9.89041805267334,-1.9654412269592285
3.4600000381469727,-9.919036865234375,-1.965441346168518
3.4649999141693115,-9.869007110595703,-1.9654412269592285
3.4700000286102295,-9.859837532043457,-1.9612075090408325
3.4749999046325684,-9.785721778869629,-1.956973671913147
3.4800000190734863,-9.77475643157959,-1.9489572048187256
3.484999895095825,-9.7966890335083,-1.948500633239746
3.490000009536743,-9.823349952697754,-1.9607619047164917
3.494999885559082,-9.846649169921875,-1.9654412269592285
3.5,-9.853429794311523,-1.969675064086914
3.505000114440918,-9.833069801330566,-1.9654412269592285
3.509999990463257,-9.802969932556152,-1.9616260528564453
3.515000104904175,-9.787984848022461,-1.9650228023529053
3.5199999809265137,-9.776459693908691,-1.9573813676834106
3.5250000953674316,-9.778019905090332,-1.948500633239746
3.5299999713897705,-9.804059982299805,-1.9565714597702026
3.5350000858306885,-9.813722610473633,-1.9612075090408325
3.5399999618530273,-9.8165864944458,-1.9654412269592285
3.5450000762939453,-9.802996635437012,-1.9612075090408325
3.549999952316284,-9.7999849319458,-1.961207389831543
3.555000066757202,-9.777043342590332,-1.957343339920044
3.559999942779541,-9.770718574523926,-1.960837960243225
3.565000057220459,-9.76999282836914,-1.956973671913147
3.569999933242798,-9.81689739227295,-1.9654412269592285
3.575000047683716,-9.845619201660156,-1.965441346168518
3.5799999237060547,-9.829219818115234,-1.9654412269592285
3.5850000381469727,-9.836736679077148,-1.965441346168518
3.5899999141693115,-9.825854301452637,-1.9654412269592285
3.5950000286102295,-9.79330825805664,-1.9612075090408325
3.5999999046325684,-9.76799488067627,-1.9530606269836426
3.6050000190734863,-9.82603645324707,-1.9608869552612305
3.609999895095825,-9.8023681640625,-1.961207389831543
3.615000009536743,-9.826818466186523,-1.961207628250122
3.619999885559082,-9.831987380981445,-1.9654412269592285
3.625,-9.823089599609375,-1.965441346168518
3.630000114440918,-9.795694351196289,-1.9654412269592285
3.634999990463257,-9.803056716918945,-1.965441346168518
3.640000104904175,-9.795706748962402,-1.9612075090408325
3.6449999809265137,-9.786211967468262,-1.961207628250122
3.6500000953674316,-9.797199249267578,-1.965441346168518
3.6549999713897705,-9.81937026977539,-1.9612075090408325
3.6600000858306885,-9.791930198669434,-1.9612075090408325
3.6649999618530273,-9.787131309509277,-1.9654412269592285
3.6700000762939453,-9.790114402770996,-1.9612075090408325
3.674999952316284,-9.782670021057129,-1.9654412269592285
3.680000066757202,-9.779014587402344,-1.965441346168518
3.684999942779541,-9.7760009765625,-1.9654412269592285
3.690000057220459,-9.830096244812012,-1.965441346168518
3.694999933242798,-9.820696830749512,-1.9654412269592285
3.700000047683716,-9.780050277709961,-1.965441346168518
3.7049999237060547,-9.808472633361816,-1.9612075090408325
3.7100000381469727,-9.790956497192383,-1.965441346168518
3.7149999141693115,-9.791130065917969,-1.9612075090408325
3.7200000286102295,-9.793787002563477,-1.965441346168518
3.7249999046325684,-9.804388046264648,-1.9654412269592285
3.7300000190734863,-9.81071662902832,-1.965441346168518
3.734999895095825,-9.800602912902832,-1.9654412269592285
3.740000009536743,-9.78492546081543,-1.965441346168518
3.744999885559082,-9.803622245788574,-1.969675064086914
3.75,-9.807315826416016,-1.965441346168518
3.755000114440918,-9.788284301757812,-1.9654412269592285
3.759999990463257,-9.808753967285156,-1.965441346168518
3.765000104904175,-9.780729293823242,-1.9695336818695068
3.7699999809265137,-9.78494930267334,-1.9739142656326294
3.7750000953674316,-9.808497428894043,-1.9655771255493164
3.7799999713897705,-9.814876556396484,-1.9654412269592285
3.7850000858306885,-9.784457206726074,-1.969675064086914
3.7899999618530273,-9.797900199890137,-1.9654412269592285
3.7950000762939453,-9.787757873535156,-1.9654412269592285
3.799999952316284,-9.787566184997559,-1.9654412269592285
3.805000066757202,-9.822918891906738,-1.9654412269592285
3.809999942779541,-9.797370910644531,-1.9654412269592285
3.815000057220459,-9.808573722839355,-1.9612075090408325
3.819999933242798,-9.790936470031738,-1.9654412269592285
3.825000047683716,-9.820953369140625,-1.9612075090408325
3.8299999237060547,-9.801639556884766,-1.9654412269592285
3.8350000381469727,-9.80545711517334,-1.956973671913147
3.8399999141693115,-9.778410911560059,-1.961207389831543
3.8450000286102295,-9.782825469970703,-1.9612075090408325
3.8499999046325684,-9.81435775756836,-1.956973671913147
3.8550000190734863,-9.823551177978516,-1.9654412269592285
3.859999895095825,-9.806252479553223,-1.961207389831543
3.865000009536743,-9.800186157226562,-1.9612075090408325
3.869999885559082,-9.810346603393555,-1.9654412269592285
3.875,-9.79813003540039,-1.9654412269592285
3.880000114440918,-9.797442436218262,-1.9654412269592285
3.884999990463257,-9.79092025756836,-1.9612075090408325
3.890000104904175,-9.79879093170166,-1.9612075090408325
3.8949999809265137,-9.802336692810059,-1.9654412269592285
3.9000000953674316,-9.786643028259277,-1.9654412269592285
3.9049999713897705,-9.802855491638184,-1.9612075090408325
3.9100000858306885,-9.796567916870117,-1.9654412269592285
3.9149999618530273,-9.803991317749023,-1.9654196500778198
3.9200000762939453,-9.794475555419922,-1.9569683074951172
3.924999952316284,-9.792162895202637,-1.96123468875885
3.930000066757202,-9.790103912353516,-1.9654031991958618
3.934999942779541,-9.792803764343262,-1.9612455368041992
3.940000057220459,-9.767969131469727,-1.9654412269592285
3.944999933242798,-9.798057556152344,-1.9612075090408325
3.950000047683716,-9.80354118347168,-1.9654412269592285
3.9549999237060547,-9.813203811645508,-1.965441346168518
3.9600000381469727,-9.827157974243164,-1.9654412269592285
3.9649999141693115,-9.82009506225586,-1.965441346168518
3.9700000286102295,-9.757092475891113,-1.9612075090408325
3.9749999046325684,-9.811193466186523,-1.965441346168518
3.9800000190734863,-9.816720962524414,-1.9696749448776245
3.984999895095825,-9.81307315826416,-1.9653434753417969
3.990000009536743,-9.807281494140625,-1.9613053798675537
3.994999885559082,-9.805224418640137,-1.965441346168518
4,-9.809962272644043,-1.9654412269592285
4.005000114440918,-9.820621490478516,-1.961087942123413
4.010000228881836,-9.812918663024902,-1.961327075958252
4.014999866485596,-9.837574005126953,-1.965441346168518
4.019999980926514,-9.811662673950195,-1.9654412269592285
4.025000095367432,-9.821844100952148,-1.965441346168518
4.03000020980835,-9.815286636352539,-1.9612075090408325
4.034999847412109,-9.782302856445312,-1.965441346168518
4.039999961853027,-9.809837341308594,-1.969675064086914
4.045000076293945,-9.804234504699707,-1.9654412269592285
4.050000190734863,-9.833335876464844,-1.965441346168518
4.054999828338623,-9.824380874633789,-1.9696749448776245
4.059999942779541,-9.82799243927002,-1.9656206369400024
4.065000057220459,-9.807543754577637,-1.9694956541061401
4.070000171661377,-9.810708045959473,-1.965441346168518
4.074999809265137,-9.80047607421875,-1.969870686531067
4.079999923706055,-9.82092571258545,-1.9694794416427612
4.085000038146973,-9.82353401184082,-1.9654412269592285
4.090000152587891,-9.804532051086426,-1.965441346168518
4.09499979019165,-9.82986068725586,-1.9654412269592285
4.099999904632568,-9.809515953063965,-1.969675064086914
4.105000019073486,-9.838523864746094,-1.9741370677947998
4.110000133514404,-9.801824569702148,-1.9779143333435059
4.114999771118164,-9.824130058288574,-1.969675064086914
4.119999885559082,-9.832812309265137,-1.965441346168518
4.125,-9.836289405822754,-1.97390878200531
4.130000114440918,-9.8303861618042,-1.97390878200531
4.135000228881836,-9.819220542907715,-1.9654412269592285
4.139999866485596,-9.821399688720703,-1.965441346168518
4.144999980926514,-9.833691596984863,-1.9654412269592285
4.150000095367432,-9.82738971710205,-1.9612075090408325
4.15500020980835,-9.821988105773926,-1.9654412269592285
4.159999847412109,-9.834188461303711,-1.969675064086914
4.164999961853027,-9.81125545501709,-1.9696749448776245
4.170000076293945,-9.843406677246094,-1.965441346168518
4.175000190734863,-9.844782829284668,-1.978142499923706
4.179999828338623,-9.817265510559082,-1.97390878200531
4.184999942779541,-9.80824089050293,-1.969675064086914
4.190000057220459,-9.833898544311523,-1.969675064086914
4.195000171661377,-9.807147979736328,-1.965441346168518
4.199999809265137,-9.826883316040039,-1.97390878200531
4.204999923706055,-9.800830841064453,-1.97390878200531
4.210000038146973,-9.811463356018066,-1.9654412269592285
4.215000152587891,-9.805562019348145,-1.9700229167938232
4.21999979019165,-9.828611373901367,-1.9777946472167969
4.224999904632568,-9.820150375366211,-1.969675064086914
4.230000019073486,-9.790955543518066,-1.969675064086914
4.235000133514404,-9.808250427246094,-1.969675064086914
4.239999771118164,-9.79029655456543,-1.969675064086914
4.244999885559082,-9.811137199401855,-1.965441346168518
4.25,-9.820380210876465,-1.9654412269592285
4.255000114440918,-9.813398361206055,-1.9658325910568237
4.260000228881836,-9.812829971313477,-1.9735175371170044
4.264999866485596,-9.81369686126709,-1.969675064086914
4.269999980926514,-9.829309463500977,-1.97390878200531
4.275000095367432,-9.820693016052246,-1.969675064086914
4.28000020980835,-9.818920135498047,-1.9696749448776245
4.284999847412109,-9.812923431396484,-1.969675064086914
4.289999961853027,-9.799151420593262,-1.9654412269592285
4.295000076293945,-9.794442176818848,-1.97390878200531
4.300000190734863,-9.814943313598633,-1.97390878200531
4.304999828338623,-9.827835083007812,-1.9781426191329956
4.309999942779541,-9.797523498535156,-1.97390878200531
4.315000057220459,-9.818928718566895,-1.974365234375
4.320000171661377,-9.778843879699707,-1.9734522104263306
4.324999809265137,-9.78631591796875,-1.9696749448776245
4.329999923706055,-9.794721603393555,-1.969675064086914
4.335000038146973,-9.825287818908691,-1.9743870496749878
4.340000152587891,-9.826249122619629,-1.982381820678711
4.34499979019165,-9.806546211242676,-1.9776588678359985
4.349999904632568,-9.799661636352539,-1.97390878200531
4.355000019073486,-9.793588638305664,-1.97390878200531
4.360000133514404,-9.840885162353516,-1.97390878200531
4.364999771118164,-9.786954879760742,-1.969675064086914
4.369999885559082,-9.797340393066406,-1.9744250774383545
4.375,-9.809709548950195,-1.9781479835510254
4.380000114440918,-9.795312881469727,-1.9776208400726318
4.385000228881836,-9.800787925720215,-1.97390878200531
4.389999866485596,-9.792915344238281,-1.97390878200531
4.394999980926514,-9.80790901184082,-1.978142499923706
4.400000095367432,-9.792529106140137,-1.9781426191329956
4.40500020980835,-9.783989906311035,-1.97390878200531
4.409999847412109,-9.782414436340332,-1.978702425956726
4.414999961853027,-9.811234474182129,-1.982381820678711
4.420000076293945,-9.765689849853516,-1.9866156578063965
4.425000190734863,-9.796185493469238,-1.982381820678711
4.429999828338623,-9.80523681640625,-1.982381820678711
4.434999942779541,-9.830272674560547,-1.9781479835510254
4.440000057220459,-9.7821626663208,-1.977555751800537
4.445000171661377,-9.804122924804688,-1.9745066165924072
4.449999809265137,-9.800204277038574,-1.981778621673584
4.454999923706055,-9.773747444152832,-1.9702836275100708
4.460000038146973,-9.809377670288086,-1.986615538597107
4.465000152587891,-9.793156623840332,-1.97752845287323
4.46999979019165,-9.820709228515625,-1.9787675142288208
4.474999904632568,-9.799577713012695,-1.982381820678711
4.480000019073486,-9.802084922790527,-1.9775121212005615
4.485000133514404,-9.798768997192383,-1.9787839651107788
4.489999771118164,-9.822392463684082,-1.9817349910736084
4.494999885559082,-9.806717872619629,-1.978794813156128
4.5,-9.804759979248047,-1.982381820678711
4.505000114440918,-9.810420989990234,-1.982381820678711
4.510000228881836,-9.81108283996582,-1.982381820678711
4.514999866485596,-9.805645942687988,-1.982381820678711
4.519999980926514,-9.795400619506836,-1.9739141464233398
4.525000095367432,-9.787338256835938,-1.9774632453918457
4.53000020980835,-9.801403045654297,-1.974599003791809
4.534999847412109,-9.798643112182617,-1.9823817014694214
4.539999961853027,-9.811796188354492,-1.9823817014694214
4.545000076293945,-9.802908897399902,-1.9774415493011475
4.550000190734863,-9.798376083374023,-1.9654412269592285
4.554999828338623,-9.824907302856445,-1.9746261835098267
4.559999942779541,-9.79594898223877,-1.9781479835510254
4.565000057220459,-9.806750297546387,-1.9774197340011597
4.570000171661377,-9.813493728637695,-1.9704086780548096
4.574999809265137,-9.786500930786133,-1.9781479835510254
4.579999923706055,-9.811259269714355,-1.9816372394561768
4.585000038146973,-9.804333686828613,-1.9781426191329956
4.590000152587891,-9.805068969726562,-1.97390878200531
4.59499979019165,-9.806670188903809,-1.97390878200531
4.599999904632568,-9.780826568603516,-1.97390878200531
4.605000019073486,-9.793190002441406,-1.9704467058181763
4.610000133514404,-9.811884880065918,-1.982381820678711
4.614999771118164,-9.809130668640137,-1.973914384841919
4.619999885559082,-9.811755180358887,-1.9688924551010132
4.625,-9.799033164978027,-1.978142499923706
4.630000114440918,-9.828227043151855,-1.9747077226638794
4.635000228881836,-9.795308113098145,-1.9731098413467407
4.639999866485596,-9.814373016357422,-1.969675064086914
4.644999980926514,-9.769784927368164,-1.969675064086914
4.650000095367432,-9.771882057189941,-1.969675064086914
4.65500020980835,-9.78429889678955,-1.969675064086914
4.659999847412109,-9.805839538574219,-1.97390878200531
4.664999961853027,-9.826788902282715,-1.97390878200531
4.670000076293945,-9.79967975616455,-1.9747511148452759
4.675000190734863,-9.811564445495605,-1.9781479835510254
4.679999828338623,-9.806819915771484,-1.9772948026657104
4.684999942779541,-9.8092622756958,-1.978142499923706
4.690000057220459,-9.815202713012695,-1.9747729301452637
4.695000171661377,-9.82606315612793,-1.981512188911438
4.699999809265137,-9.835356712341309,-1.9747837781906128
4.704999923706055,-9.796483993530273,-1.982381820678711
4.710000038146973,-9.787166595458984,-1.982381820678711
4.715000152587891,-9.81617546081543,-1.982381820678711
4.71999979019165,-9.80250358581543,-1.9772512912750244
4.724999904632568,-9.803837776184082,-1.97390878200531
4.730000019073486,-9.824496269226074,-1.9781426191329956
4.735000133514404,-9.818426132202148,-1.9790555238723755
4.739999771118164,-9.828595161437988,-1.9823817014694214
4.744999885559082,-9.817365646362305,-1.9823817014694214
4.75,-9.819443702697754,-1.9866156578063965
4.755000114440918,-9.841005325317383,-1.982381820678711
4.760000228881836,-9.832477569580078,-1.982381820678711
4.764999866485596,-9.82513427734375,-1.9739142656326294
4.769999980926514,-9.849140167236328,-1.982381820678711
4.775000095367432,-9.82711124420166,-1.982381820678711
4.78000020980835,-9.830181121826172,-1.982381820678711
4.784999847412109,-9.802457809448242,-1.986615538597107
4.789999961853027,-9.813472747802734,-1.986615538597107
4.795000076293945,-9.811634063720703,-1.9814034700393677
4.800000190734863,-9.830891609191895,-1.979126214981079
4.804999828338623,-9.81490421295166,-1.9781479835510254
4.809999942779541,-9.829686164855957,-1.9823817014694214
4.815000057220459,-9.800787925720215,-1.982381820678711
4.820000171661377,-9.825944900512695,-1.982381820678711
4.824999809265137,-9.85227108001709,-1.982381820678711
4.829999923706055,-9.830824851989746,-1.9866156578063965
4.835000038146973,-9.828498840332031,-1.982381820678711
4.840000152587891,-9.84941577911377,-1.9813545942306519
4.84499979019165,-9.818199157714844,-1.974941372871399
4.849999904632568,-9.827802658081055,-1.9781479835510254
4.855000019073486,-9.836847305297852,-1.982381820678711
4.860000133514404,-9.821362495422363,-1.982381820678711
4.864999771118164,-9.794205665588379,-1.9908493757247925
4.869999885559082,-9.823813438415527,-1.9823817014694214
4.875,-9.839860916137695,-1.986615538597107
4.880000114440918,-9.822046279907227,-1.982381820678711
4.885000228881836,-9.81757926940918,-1.9866156578063965
4.889999866485596,-9.829630851745605,-1.982381820678711
4.894999980926514,-9.829018592834473,-1.982381820678711
4.900000095367432,-9.818333625793457,-1.982381820678711
4.90500020980835,-9.841348648071289,-1.9812839031219482
4.909999847412109,-9.828383445739746,-1.9781426191329956
4.914999961853027,-9.84627628326416,-1.9792512655258179
4.920000076293945,-9.804025650024414,-1.982381820678711
4.925000190734863,-9.832182884216309,-1.9866156578063965
4.929999828338623,-9.812867164611816,-1.9823817014694214
4.934999942779541,-9.823551177978516,-1.9823817014694214
4.940000057220459,-9.83471965789795,-1.986615538597107
4.945000171661377,-9.820023536682129,-1.986615538597107
4.949999809265137,-9.829996109008789,-1.9866156578063965
4.954999923706055,-9.830872535705566,-1.9866156578063965
4.960000038146973,-9.809676170349121,-1.982381820678711
4.965000152587891,-9.833898544311523,-1.990849494934082
4.96999979019165,-9.818583488464355,-1.9866156578063965
4.974999904632568,-9.809735298156738,-1.9866156578063965
4.980000019073486,-9.826141357421875,-1.982381820678711
4.985000133514404,-9.797243118286133,-1.982381820678711
4.989999771118164,-9.792326927185059,-1.982381820678711
4.994999885559082,-9.823589324951172,-1.986615538597107
5,-9.803200721740723,-1.9823817014694214
5.005000114440918,-9.834626197814941,-1.9908493757247925
5.010000228881836,-9.813365936279297,-1.9823817014694214
5.014999866485596,-9.786066055297852,-1.986615538597107
5.019999980926514,-9.785261154174805,-1.982381820678711
5.025000095367432,-9.772688865661621,-1.990849494934082
5.03000020980835,-9.82291316986084,-1.9866156578063965
5.034999847412109,-9.818873405456543,-1.982381820678711
5.039999961853027,-9.786003112792969,-1.982381820678711
5.045000076293945,-9.790674209594727,-1.9866156578063965
5.050000190734863,-9.800509452819824,-1.982381820678711
5.054999828338623,-9.792497634887695,-1.986615538597107
5.059999942779541,-9.795121192932129,-1.982381820678711
5.065000057220459,-9.793789863586426,-1.9823817014694214
5.070000171661377,-9.780747413635254,-1.986615538597107
5.074999809265137,-9.805330276489258,-1.9823817014694214
5.079999923706055,-9.800796508789062,-1.9810936450958252
5.085000038146973,-9.796703338623047,-1.9836698770523071
5.090000152587891,-9.786340713500977,-1.9866156578063965
5.09499979019165,-9.816710472106934,-1.982381820678711
5.099999904632568,-9.78269100189209,-1.982381820678711
5.105000019073486,-9.776374816894531,-1.9866156578063965
5.110000133514404,-9.78615665435791,-1.982381820678711
5.114999771118164,-9.785625457763672,-1.982381820678711
5.119999885559082,-9.781489372253418,-1.982381820678711
5.125,-9.764716148376465,-1.981044888496399
5.130000114440918,-9.791793823242188,-1.9752511978149414
5.135000228881836,-9.805213928222656,-1.9768002033233643
5.139999866485596,-9.785136222839355,-1.978142499923706
5.144999980926514,-9.81279182434082,-1.9823764562606812
5.150000095367432,-9.797101020812988,-1.9879742860794067
5.15500020980835,-9.781676292419434,-1.982381820678711
5.159999847412109,-9.797348976135254,-1.982381820678711
5.164999961853027,-9.804946899414062,-1.9866156578063965
5.170000076293945,-9.770986557006836,-1.982381820678711
5.175000190734863,-9.779505729675293,-1.982381820678711
5.179999828338623,-9.800399780273438,-1.982381820678711
5.184999942779541,-9.796142578125,-1.980979561805725
5.190000057220459,-9.800446510314941,-1.9795502424240112
5.195000171661377,-9.793567657470703,-1.9781479835510254
5.199999809265137,-9.799049377441406,-1.982381820678711
5.204999923706055,-9.806354522705078,-1.986615538597107
5.210000038146973,-9.80810260772705,-1.9894200563430786
5.215000152587891,-9.786606788635254,-1.9795773029327393
5.21999979019165,-9.81811237335205,-1.986615538597107
5.224999904632568,-9.79427719116211,-1.990849494934082
5.230000019073486,-9.813329696655273,-1.982381820678711
5.235000133514404,-9.781039237976074,-1.9908493757247925
5.239999771118164,-9.788275718688965,-1.9866156578063965
5.244999885559082,-9.797709465026855,-1.9866156578063965
5.25,-9.794620513916016,-1.9866156578063965
5.255000114440918,-9.818975448608398,-1.995083212852478
5.260000228881836,-9.784423828125,-1.9866156578063965
5.264999866485596,-9.814329147338867,-1.982381820678711
5.269999980926514,-9.804143905639648,-1.986615538597107
5.275000095367432,-9.804652214050293,-1.9823817014694214
5.28000020980835,-9.802197456359863,-1.9823817014694214
5.284999847412109,-9.78223705291748,-1.9823817014694214
5.289999961853027,-9.817631721496582,-1.9823817014694214
5.295000076293945,-9.79674243927002,-1.9866156578063965
5.300000190734863,-9.787484169006348,-1.982381820678711
5.304999828338623,-9.811965942382812,-1.982381820678711
5.309999942779541,-9.805266380310059,-1.990849494934082
5.315000057220459,-9.794365882873535,-1.9866156578063965
5.320000171661377,-9.783100128173828,-1.982381820678711
5.324999809265137,-9.803095817565918,-1.982381820678711
5.329999923706055,-9.812366485595703,-1.9908493757247925
5.335000038146973,-9.753905296325684,-1.982381820678711
5.340000152587891,-9.808303833007812,-1.9823817014694214
5.34499979019165,-9.772043228149414,-1.9908493757247925
5.349999904632568,-9.818988800048828,-1.986615538597107
5.355000019073486,-9.799386024475098,-1.986615538597107
5.360000133514404,-9.820948600769043,-1.9866156578063965
5.364999771118164,-9.803174018859863,-1.9866156578063965
5.369999885559082,-9.815566062927246,-1.9866156578063965
5.375,-9.793241500854492,-1.9866156578063965
5.380000114440918,-9.823126792907715,-1.982381820678711
5.385000228881836,-9.79085922241211,-1.9781479835510254
5.389999866485596,-9.839780807495117,-1.982381820678711
5.394999980926514,-9.804808616638184,-1.982381820678711
5.400000095367432,-9.81969928741455,-1.982381820678711
5.40500020980835,-9.80031681060791,-1.9823817014694214
5.409999847412109,-9.792798042297363,-1.986615538597107
5.414999961853027,-9.799090385437012,-1.9823817014694214
5.420000076293945,-9.801106452941895,-1.9823817014694214
5.425000190734863,-9.812156677246094,-1.9823817014694214
5.429999828338623,-9.826722145080566,-1.978148102760315
5.434999942779541,-9.811177253723145,-1.9866156578063965
5.440000057220459,-9.82673454284668,-1.982381820678711
5.445000171661377,-9.8406343460083,-1.982381820678711
5.449999809265137,-9.815876960754395,-1.982381820678711
5.454999923706055,-9.805046081542969,-1.9866156578063965
5.460000038146973,-9.811941146850586,-1.982381820678711
5.465000152587891,-9.816441535949707,-1.9866156578063965
5.46999979019165,-9.828954696655273,-1.986615538597107
5.474999904632568,-9.802692413330078,-1.9823817014694214
5.480000019073486,-9.816919326782227,-1.9908493757247925
5.485000133514404,-9.801533699035645,-1.9823817014694214
5.489999771118164,-9.80142879486084,-1.9823817014694214
5.494999885559082,-9.82929801940918,-1.982381820678711
5.5,-9.804336547851562,-1.982381820678711
5.505000114440918,-9.793551445007324,-1.9866156578063965
5.510000228881836,-9.836185455322266,-1.990849494934082
5.514999866485596,-9.824138641357422,-1.982381820678711
5.519999980926514,-9.839420318603516,-1.982381820678711
5.525000095367432,-9.821249008178711,-1.9908493757247925
5.53000020980835,-9.837892532348633,-1.9866156578063965
5.534999847412109,-9.82156753540039,-1.9926320314407349
5.539999961853027,-9.841114044189453,-1.98906672000885
5.545000076293945,-9.801023483276367,-1.995083212852478
5.550000190734863,-9.833293914794922,-1.9908493757247925
5.554999828338623,-9.839112281799316,-1.986615538597107
5.559999942779541,-9.830425262451172,-1.9926592111587524
5.565000057220459,-9.826131820678711,-1.9932734966278076
5.570000171661377,-9.8350248336792,-1.9926701784133911
5.574999809265137,-9.816251754760742,-1.9890286922454834
5.579999923706055,-9.816556930541992,-1.982381820678711
5.585000038146973,-9.819168090820312,-1.9866156578063965
5.590000152587891,-9.826141357421875,-1.982381820678711
5.59499979019165,-9.836357116699219,-1.986615538597107
5.599999904632568,-9.837098121643066,-1.982381820678711
5.605000019073486,-9.802762985229492,-1.9781479835510254
5.610000133514404,-9.826610565185547,-1.986615538597107
5.614999771118164,-9.83439826965332,-1.986615538597107
5.619999885559082,-9.817270278930664,-1.9823817014694214
5.625,-9.839767456054688,-1.986615538597107
5.630000114440918,-9.82145881652832,-1.9823817014694214
5.635000228881836,-9.836350440979004,-1.978148102760315
5.639999866485596,-9.84648323059082,-1.982381820678711
5.644999980926514,-9.795042991638184,-1.982381820678711
5.650000095367432,-9.824682235717773,-1.982381820678711
5.65500020980835,-9.818352699279785,-1.990849494934082
5.659999847412109,-9.85422420501709,-1.986615538597107
5.664999961853027,-9.819221496582031,-1.984305739402771
5.670000076293945,-9.819864273071289,-1.9889254570007324
5.675000190734863,-9.811263084411621,-1.9908493757247925
5.679999828338623,-9.857373237609863,-1.9908493757247925
5.684999942779541,-9.796651840209961,-1.986615538597107
5.690000057220459,-9.811761856079102,-1.9908493757247925
5.695000171661377,-9.811210632324219,-1.9928058385849
5.699999809265137,-9.8295316696167,-1.9950885772705078
5.704999923706055,-9.813404083251953,-1.9888874292373657
5.710000038146973,-9.808989524841309,-1.990849494934082
5.715000152587891,-9.809450149536133,-1.990849494934082
5.71999979019165,-9.782785415649414,-1.990849494934082
5.724999904632568,-9.802738189697266,-1.995083212852478
5.730000019073486,-9.790186882019043,-1.9928439855575562
5.735000133514404,-9.825156211853027,-1.9973223209381104
5.739999771118164,-9.776631355285645,-1.9908493757247925
5.744999885559082,-9.789063453674316,-1.9908493757247925
5.75,-9.802532196044922,-1.9823817014694214
5.755000114440918,-9.805516242980957,-1.986615538597107
5.760000228881836,-9.790602684020996,-1.9866156578063965
5.764999866485596,-9.795890808105469,-1.9823817014694214
5.769999980926514,-9.829140663146973,-1.990849494934082
5.775000095367432,-9.811946868896484,-1.9866156578063965
5.78000020980835,-9.761361122131348,-1.990849494934082
5.784999847412109,-9.777142524719238,-1.9866156578063965
5.789999961853027,-9.814470291137695,-1.9908493757247925
5.795000076293945,-9.799105644226074,-1.9866156578063965
5.800000190734863,-9.800795555114746,-1.986615538597107
5.804999828338623,-9.768017768859863,-1.982381820678711
5.809999942779541,-9.761234283447266,-1.9908493757247925
5.815000057220459,-9.79888916015625,-1.9823817014694214
5.820000171661377,-9.782896041870117,-1.986615538597107
5.824999809265137,-9.75440502166748,-1.9908493757247925
5.829999923706055,-9.793610572814941,-1.9908493757247925
5.835000038146973,-9.77845287322998,-1.9929581880569458
5.840000152587891,-9.792438507080078,-1.9887406826019287
5.84499979019165,-9.772119522094727,-1.990849494934082
5.849999904632568,-9.801107406616211,-1.9972082376480103
5.855000019073486,-9.778050422668457,-1.9950886964797974
5.860000133514404,-9.77508544921875,-1.9993224143981934
5.864999771118164,-9.763435363769531,-1.9971810579299927
5.869999885559082,-9.781596183776855,-1.9929962158203125
5.875,-9.77761459350586,-1.9950885772705078
5.880000114440918,-9.775975227355957,-1.9929310083389282
5.885000228881836,-9.770606994628906,-1.9845449924468994
5.889999866485596,-9.763091087341309,-1.988686203956604
5.894999980926514,-9.794902801513672,-1.986615538597107
5.900000095367432,-9.788615226745605,-1.9887950420379639
5.90500020980835,-9.785332679748535,-1.9950885772705078
5.909999847412109,-9.78178596496582,-1.9950886964797974
5.914999961853027,-9.81365966796875,-1.9950886964797974
5.920000076293945,-9.783781051635742,-1.9886537790298462
5.925000190734863,-9.790741920471191,-1.9866156578063965
5.929999828338623,-9.7999267578125,-1.9908493757247925
5.934999942779541,-9.79444408416748,-1.982381820678711
5.940000057220459,-9.804542541503906,-1.9908493757247925
5.945000171661377,-9.785124778747559,-1.986615538597107
5.949999809265137,-9.813935279846191,-1.986615538597107
5.954999923706055,-9.77971363067627,-1.986615538597107
5.960000038146973,-9.778144836425781,-1.9908493757247925
5.965000152587891,-9.816059112548828,-1.986615538597107
5.96999979019165,-9.792749404907227,-1.986615538597107
5.974999904632568,-9.81322193145752,-1.9931104183197021
5.980000019073486,-9.798616409301758,-1.992822289466858
5.985000133514404,-9.803119659423828,-1.990849494934082
5.989999771118164,-9.805573463439941,-1.9866156578063965
5.994999885559082,-9.794546127319336,-1.990849494934082
6,-9.8218994140625,-1.9866156578063965
6.005000114440918,-9.817596435546875,-1.995083212852478
6.010000228881836,-9.831769943237305,-1.995083212852478
6.014999866485596,-9.776074409484863,-1.9908493757247925
6.019999980926514,-9.789111137390137,-1.9908493757247925
6.025000095367432,-9.784331321716309,-1.9908493757247925
6.03000020980835,-9.796991348266602,-1.986615538597107
6.034999847412109,-9.792293548583984,-1.986615538597107
6.039999961853027,-9.818212509155273,-1.9866156578063965
6.045000076293945,-9.812039375305176,-1.98895263671875
6.050000190734863,-9.824552536010742,-1.99698007106781
6.054999828338623,-9.803938865661621,-1.9974310398101807
6.059999942779541,-9.80593204498291,-1.9885015487670898
6.065000057220459,-9.809165954589844,-1.9932080507278442
6.070000171661377,-9.807229042053223,-1.9908547401428223
6.074999809265137,-9.799479484558105,-1.992719054222107
6.079999923706055,-9.801207542419434,-1.9866156578063965
6.085000038146973,-9.824577331542969,-1.986615538597107
6.090000152587891,-9.799142837524414,-1.986615538597107
6.09499979019165,-9.795792579650879,-1.986615538597107
6.099999904632568,-9.824130058288574,-1.9908493757247925
6.105000019073486,-9.83730411529541,-1.9974853992462158
6.110000133514404,-9.775424003601074,-1.9926810264587402
6.114999771118164,-9.803597450256348,-1.990849494934082
6.119999885559082,-9.822907447814941,-1.995083212852478
6.125,-9.806316375732422,-1.9866156578063965
6.130000114440918,-9.828019142150879,-1.995083212852478
6.135000228881836,-9.814082145690918,-1.9908493757247925
6.139999866485596,-9.791616439819336,-1.9908493757247925
6.144999980926514,-9.835607528686523,-1.9848275184631348
6.150000095367432,-9.784564971923828,-1.9884036779403687
6.15500020980835,-9.819345474243164,-1.9933059215545654
6.159999847412109,-9.843730926513672,-1.98839271068573
6.164999961853027,-9.812729835510254,-1.986615538597107
6.170000076293945,-9.824162483215332,-1.9908493757247925
6.175000190734863,-9.820578575134277,-1.9866156578063965
6.179999828338623,-9.816556930541992,-1.995083212852478
6.184999942779541,-9.835038185119629,-1.9866156578063965
6.190000057220459,-9.791729927062988,-1.9866156578063965
6.195000171661377,-9.827553749084473,-1.990849494934082
6.199999809265137,-9.841429710388184,-1.9848872423171997
6.204999923706055,-9.808731079101562,-1.9993224143981934
6.210000038146973,-9.78934383392334,-1.996806025505066
6.215000152587891,-9.819101333618164,-1.9933711290359497
6.21999979019165,-9.825743675231934,-1.9925613403320312
6.224999904632568,-9.805646896362305,-1.9866156578063965
6.230000019073486,-9.82015323638916,-1.986615538597107
6.235000133514404,-9.800972938537598,-1.986615538597107
6.239999771118164,-9.840030670166016,-1.9908493757247925
6.244999885559082,-9.815720558166504,-1.989169955253601
6.25,-9.83411979675293,-1.9925287961959839
6.255000114440918,-9.83159065246582,-1.9891809225082397
6.260000228881836,-9.850872039794922,-1.9950885772705078
6.264999866485596,-9.816540718078613,-1.9993224143981934
6.269999980926514,-9.825632095336914,-1.9882732629776
6.275000095367432,-9.847042083740234,-1.9976701736450195
6.28000020980835,-9.853456497192383,-1.9967299699783325
6.284999847412109,-9.838784217834473,-1.9908493757247925
6.289999961853027,-9.831684112548828,-1.995083212852478
6.295000076293945,-9.842531204223633,-1.982381820678711
6.300000190734863,-9.832924842834473,-1.986615538597107
6.304999828338623,-9.805448532104492,-1.9908493757247925
6.309999942779541,-9.814825057983398,-1.9934744834899902
6.315000057220459,-9.830333709716797,-1.9924582242965698
6.320000171661377,-9.829044342041016,-1.990849494934082
6.324999809265137,-9.82675838470459,-1.9934906959533691
6.329999923706055,-9.85315227508545,-1.9993224143981934
6.335000038146973,-9.836708068847656,-1.9966702461242676
6.340000152587891,-9.807541847229004,-1.9977408647537231
6.34499979019165,-9.831278800964355,-1.992425560951233
6.349999904632568,-9.825718879699707,-1.9935178756713867
6.355000019073486,-9.808177947998047,-1.9966484308242798
6.360000133514404,-9.834238052368164,-1.9881700277328491
6.364999771118164,-9.836179733276367,-1.9919798374176025
6.369999885559082,-9.856804847717285,-1.9950886964797974
6.375,-9.811225891113281,-1.9950886964797974
6.380000114440918,-9.83137035369873,-1.9950885772705078
6.385000228881836,-9.81482219696045,-1.9950885772705078
6.389999866485596,-9.78571891784668,-1.9881428480148315
6.394999980926514,-9.813471794128418,-1.990849494934082
6.400000095367432,-9.838741302490234,-1.9935723543167114
6.40500020980835,-9.805777549743652,-1.9965940713882446
6.409999847412109,-9.811847686767578,-1.995083212852478
6.414999961853027,-9.821680068969727,-1.9978224039077759
6.420000076293945,-9.815218925476074,-1.9923440217971802
6.425000190734863,-9.818028450012207,-1.995083212852478
6.429999828338623,-9.804764747619629,-1.9908493757247925
6.434999942779541,-9.796924591064453,-1.9978442192077637
6.440000057220459,-9.838558197021484,-1.9993224143981934
6.445000171661377,-9.807235717773438,-1.9950886964797974
6.449999809265137,-9.822737693786621,-1.9993224143981934
6.454999923706055,-9.819586753845215,-1.9993224143981934
6.460000038146973,-9.821680068969727,-1.9993224143981934
6.465000152587891,-9.841961860656738,-1.9965288639068604
6.46999979019165,-9.820756912231445,-1.9978821277618408
6.474999904632568,-9.794734954833984,-1.9950886964797974
6.480000019073486,-9.807844161987305,-1.992278814315796
6.485000133514404,-9.801414489746094,-1.9936646223068237
6.489999771118164,-9.804887771606445,-1.9950886964797974
6.494999885559082,-9.794181823730469,-1.9922624826431274
6.5,-9.793840408325195,-1.986615538597107
6.505000114440918,-9.801921844482422,-1.9908493757247925
6.510000228881836,-9.807111740112305,-1.9950830936431885
6.514999866485596,-9.784371376037598,-1.9979310035705566
6.519999980926514,-9.81622314453125,-1.9993224143981934
6.525000095367432,-9.799796104431152,-1.9993224143981934
6.53000020980835,-9.788342475891113,-1.9950885772705078
6.534999847412109,-9.790987968444824,-1.9993224143981934
6.539999961853027,-9.807257652282715,-1.9993224143981934
6.545000076293945,-9.794304847717285,-1.9950885772705078
6.550000190734863,-9.779389381408691,-1.9993224143981934
6.554999828338623,-9.816694259643555,-1.9950886964797974
6.559999942779541,-9.821932792663574,-1.9993224143981934
6.565000057220459,-9.812026023864746,-1.99642014503479
6.570000171661377,-9.802135467529297,-1.995083212852478
6.574999809265137,-9.803436279296875,-1.993762493133545
6.579999923706055,-9.763051986694336,-1.9950886964797974
6.585000038146973,-9.807863235473633,-1.9950886964797974
6.590000152587891,-9.8007173538208,-1.983691692352295
6.59499979019165,-9.80412769317627,-1.9866156578063965
6.599999904632568,-9.803613662719727,-1.990849494934082
6.605000019073486,-9.765307426452637,-1.9937951564788818
6.610000133514404,-9.781911849975586,-1.9921375513076782
6.614999771118164,-9.787588119506836,-1.9908493757247925
6.619999885559082,-9.764830589294434,-1.995083212852478
6.625,-9.7711181640625,-1.99381685256958
6.630000114440918,-9.797815322875977,-1.9993224143981934
6.635000228881836,-9.796140670776367,-1.9993224143981934
6.639999866485596,-9.808919906616211,-1.9993224143981934
6.644999980926514,-9.79408073425293,-1.9993224143981934
6.650000095367432,-9.80245590209961,-1.9993224143981934
6.65500020980835,-9.771769523620605,-1.9920885562896729
6.659999847412109,-9.820116996765137,-1.990849494934082
6.664999961853027,-9.814977645874023,-1.998094081878662
6.670000076293945,-9.786591529846191,-1.9920722246170044
6.675000190734863,-9.792404174804688,-1.995083212852478
6.679999828338623,-9.797962188720703,-1.9896427392959595
6.684999942779541,-9.78654956817627,-1.98782217502594
6.690000057220459,-9.809741973876953,-1.9908493757247925
6.695000171661377,-9.7767972946167,-1.995083212852478
6.699999809265137,-9.806933403015137,-1.9938983917236328
6.704999923706055,-9.80456256866455,-1.9950885772705078
6.710000038146973,-9.805965423583984,-1.996262550354004
6.715000152587891,-9.813957214355469,-1.986615538597107
6.71999979019165,-9.810397148132324,-1.990849494934082
6.724999904632568,-9.80801010131836,-1.9866156578063965
6.730000019073486,-9.791177749633789,-1.9896972179412842
6.735000133514404,-9.814504623413086,-1.9920016527175903
6.739999771118164,-9.808941841125488,-1.982381820678711
6.744999885559082,-9.784163475036621,-1.9866156578063965
6.75,-9.799388885498047,-1.982381820678711
6.755000114440918,-9.823029518127441,-1.982381820678711
6.760000228881836,-9.82861614227295,-1.982381820678711
6.764999866485596,-9.830946922302246,-1.9866156578063965
6.769999980926514,-9.801661491394043,-1.9823817014694214
6.775000095367432,-9.815650939941406,-1.986615538597107
6.78000020980835,-9.803741455078125,-1.9982191324234009
6.784999847412109,-9.818338394165039,-1.9919471740722656
6.789999961853027,-9.80217170715332,-1.9866156578063965
6.795000076293945,-9.818676948547363,-1.990849494934082
6.800000190734863,-9.835171699523926,-1.985539436340332
6.804999828338623,-9.802621841430664,-1.991925597190857
6.809999942779541,-9.807872772216797,-1.982381820678711
6.815000057220459,-9.811700820922852,-1.986615538597107
6.820000171661377,-9.810847282409668,-1.998262643814087
6.824999809265137,-9.777156829833984,-1.9876699447631836
6.829999923706055,-9.808959007263184,-1.9908493757247925
6.835000038146973,-9.804211616516113,-1.995083212852478
6.840000152587891,-9.837637901306152,-1.9908493757247925
6.84499979019165,-9.819181442260742,-1.9823817014694214
6.849999904632568,-9.840031623840332,-1.9908493757247925
6.855000019073486,-9.811782836914062,-1.9908493757247925
6.860000133514404,-9.832049369812012,-1.9866156578063965
6.864999771118164,-9.834949493408203,-1.9866156578063965
6.869999885559082,-9.83867073059082,-1.995083212852478
6.875,-9.786043167114258,-1.9866156578063965
6.880000114440918,-9.797309875488281,-1.990849494934082
6.885000228881836,-9.816731452941895,-1.9908493757247925
6.889999866485596,-9.836176872253418,-1.9908493757247925
6.894999980926514,-9.821773529052734,-1.986615538597107
6.900000095367432,-9.833101272583008,-1.986615538597107
6.90500020980835,-9.800599098205566,-1.9908493757247925
6.909999847412109,-9.81828784942627,-1.995083212852478
6.914999961853027,-9.829976081848145,-1.986615538597107
6.920000076293945,-9.83251953125,-1.9941375255584717
6.925000190734863,-9.824324607849121,-1.9875613451004028
6.929999828338623,-9.820328712463379,-1.9941483736038208
6.934999942779541,-9.800795555114746,-1.9960180521011353
6.940000057220459,-9.838594436645508,-1.990849494934082
6.945000171661377,-9.829349517822266,-1.9866156578063965
6.949999809265137,-9.79837703704834,-1.990849494934082
6.954999923706055,-9.819683074951172,-1.986615538597107
6.960000038146973,-9.82909870147705,-1.9908493757247925
6.965000152587891,-9.846585273742676,-1.9941864013671875
6.96999979019165,-9.801868438720703,-1.991746187210083
6.974999904632568,-9.817052841186523,-1.995083212852478
6.980000019073486,-9.799825668334961,-1.9908493757247925
6.985000133514404,-9.820234298706055,-1.9908493757247925
6.989999771118164,-9.809029579162598,-1.986615538597107
6.994999885559082,-9.812244415283203,-1.990849494934082
7,-9.825484275817871,-1.990849494934082
7.005000114440918,-9.827665328979492,-1.990849494934082
7.010000228881836,-9.810935974121094,-1.990849494934082
7.014999866485596,-9.819581985473633,-1.9866156578063965
7.019999980926514,-9.82666015625,-1.9942461252212524
7.025000095367432,-9.794536590576172,-1.995920181274414
7.03000020980835,-9.847172737121582,-1.9900233745574951
7.034999847412109,-9.8093900680542,-1.9950885772705078
7.039999961853027,-9.835614204406738,-1.9950885772705078
7.045000076293945,-9.80912971496582,-1.9993224143981934
7.050000190734863,-9.826563835144043,-1.9958930015563965
7.054999828338623,-9.816622734069824,-1.9908493757247925
7.059999942779541,-9.830305099487305,-1.9866156578063965
7.065000057220459,-9.790335655212402,-1.995083212852478
7.070000171661377,-9.816993713378906,-1.9900667667388916
7.074999809265137,-9.8099946975708,-1.9873982667922974
7.079999923706055,-9.850214958190918,-1.9900776147842407
7.085000038146973,-9.81997013092041,-1.9958549737930298
7.090000152587891,-9.837979316711426,-1.995083212852478
7.09499979019165,-9.828768730163574,-1.986615538597107
7.099999904632568,-9.82287311553955,-1.9943331480026245
7.105000019073486,-9.82520866394043,-1.991599440574646
7.110000133514404,-9.839044570922852,-1.995083212852478
7.114999771118164,-9.812591552734375,-1.995083212852478
7.119999885559082,-9.815702438354492,-1.995083212852478
7.125,-9.808030128479004,-1.9908493757247925
7.130000114440918,-9.799930572509766,-1.9985995292663574
7.135000228881836,-9.803754806518555,-1.9915668964385986
7.139999866485596,-9.826165199279785,-1.995083212852478
7.144999980926514,-9.819677352905273,-1.990849494934082
7.150000095367432,-9.818879127502441,-1.982381820678711
7.15500020980835,-9.812552452087402,-1.982381820678711
7.159999847412109,-9.81014633178711,-1.986615538597107
7.164999961853027,-9.7966947555542,-1.9908493757247925
7.170000076293945,-9.7977933883667,-1.9986430406570435
7.175000190734863,-9.798931121826172,-1.9915233850479126
7.179999828338623,-9.836193084716797,-1.986615538597107
7.184999942779541,-9.796765327453613,-1.998659372329712
7.190000057220459,-9.826342582702637,-1.9915069341659546
7.195000171661377,-9.810986518859863,-1.9908493757247925
7.199999809265137,-9.791586875915527,-1.990849494934082
7.204999923706055,-9.82502269744873,-1.990849494934082
7.210000038146973,-9.821356773376465,-1.9866156578063965
7.215000152587891,-9.784823417663574,-1.982381820678711
7.21999979019165,-9.827947616577148,-1.990849494934082
7.224999904632568,-9.790478706359863,-1.9866156578063965
7.230000019073486,-9.81398868560791,-1.9944744110107422
7.235000133514404,-9.828078269958496,-1.9956918954849243
7.239999771118164,-9.812392234802246,-1.995083212852478
7.244999885559082,-9.788580894470215,-1.9908493757247925
7.25,-9.769604682922363,-1.986615538597107
7.255000114440918,-9.7970552444458,-1.9823817014694214
7.260000228881836,-9.792737007141113,-1.9908493757247925
7.264999866485596,-9.79335880279541,-1.982381820678711
7.269999980926514,-9.80594253540039,-1.9945180416107178
7.275000095367432,-9.77634334564209,-1.9871809482574463
7.28000020980835,-9.797008514404297,-1.9902950525283813
7.284999847412109,-9.820247650146484,-1.9914038181304932
7.289999961853027,-9.753341674804688,-1.9866156578063965
7.295000076293945,-9.78347396850586,-1.9866156578063965
7.300000190734863,-9.792220115661621,-1.9908493757247925
7.304999828338623,-9.778427124023438,-1.986615538597107
7.309999942779541,-9.79104232788086,-1.9903277158737183
7.315000057220459,-9.778611183166504,-1.9913711547851562
7.320000171661377,-9.78674030303955,-1.9908493757247925
7.324999809265137,-9.778279304504395,-1.9945777654647827
7.329999923706055,-9.79323959350586,-1.9993224143981934
7.335000038146973,-9.782181739807129,-1.9955832958221436
7.340000152587891,-9.788286209106445,-1.990849494934082
7.34499979019165,-9.77364730834961,-1.990849494934082
7.349999904632568,-9.783876419067383,-1.982381820678711
7.355000019073486,-9.788580894470215,-1.990376591682434
7.360000133514404,-9.794095039367676,-1.9828546047210693
7.364999771118164,-9.810349464416504,-1.995083212852478
7.369999885559082,-9.771032333374023,-1.995083212852478
7.375,-9.79595947265625,-1.9908493757247925
7.380000114440918,-9.796767234802246,-1.995083212852478
7.385000228881836,-9.788122177124023,-1.9988768100738525
7.389999866485596,-9.79686164855957,-1.9828219413757324
7.394999980926514,-9.820439338684082,-1.9950830936431885
7.400000095367432,-9.791634559631348,-1.982381820678711
7.40500020980835,-9.780588150024414,-1.990849494934082
7.409999847412109,-9.800678253173828,-1.9866156578063965
7.414999961853027,-9.775026321411133,-1.982381820678711
7.420000076293945,-9.794027328491211,-1.9904472827911377
7.425000190734863,-9.817060470581055,-1.9827840328216553
7.429999828338623,-9.801372528076172,-1.995083212852478
7.434999942779541,-9.810281753540039,-1.9989311695098877
7.440000057220459,-9.809754371643066,-1.9912352561950684
7.445000171661377,-9.801170349121094,-1.995083212852478
7.449999809265137,-9.781460762023926,-1.9908493757247925
7.454999923706055,-9.777915954589844,-1.9823817014694214
7.460000038146973,-9.790733337402344,-1.9823817014694214
7.465000152587891,-9.817039489746094,-1.9904961585998535
7.46999979019165,-9.791927337646484,-1.991202712059021
7.474999904632568,-9.80884075164795,-1.9947408437728882
7.480000019073486,-9.797037124633789,-1.9954255819320679
7.485000133514404,-9.804710388183594,-1.990849494934082
7.489999771118164,-9.817211151123047,-1.990523338317871
7.494999885559082,-9.815937042236328,-1.9911754131317139
7.5,-9.809814453125,-1.995083212852478
7.505000114440918,-9.777610778808594,-1.9908493757247925
7.510000228881836,-9.826269149780273,-1.9908493757247925
7.514999866485596,-9.808197975158691,-1.9866156578063965
7.519999980926514,-9.794279098510742,-1.982381820678711
7.525000095367432,-9.822555541992188,-1.986615538597107
7.53000020980835,-9.797588348388672,-1.986615538597107
7.534999847412109,-9.818008422851562,-1.986892819404602
7.539999961853027,-9.836017608642578,-1.986338496208191
7.545000076293945,-9.818406105041504,-1.982381820678711
7.550000190734863,-9.79455852508545,-1.9784088134765625
7.554999828338623,-9.820975303649902,-1.9778871536254883
7.559999942779541,-9.80733585357666,-1.9781479835510254
7.565000057220459,-9.81297492980957,-1.982381820678711
7.570000171661377,-9.803759574890137,-1.982381820678711
7.574999809265137,-9.807917594909668,-1.982381820678711
7.579999923706055,-9.799616813659668,-1.986615538597107
7.585000038146973,-9.84787654876709,-1.9906266927719116
7.590000152587891,-9.833528518676758,-1.991072177886963
7.59499979019165,-9.807599067687988,-1.986615538597107
7.599999904632568,-9.810018539428711,-1.986615538597107
7.605000019073486,-9.824119567871094,-1.982381820678711
7.610000133514404,-9.78675365447998,-1.982381820678711
7.614999771118164,-9.787766456604004,-1.9783382415771484
7.619999885559082,-9.79586124420166,-1.9864253997802734
7.625,-9.774064064025879,-1.9866156578063965
7.630000114440918,-9.826201438903809,-1.982381820678711
7.635000228881836,-9.816971778869629,-1.9866156578063965
7.639999866485596,-9.82003116607666,-1.982381820678711
7.644999980926514,-9.809053421020508,-1.9908493757247925
7.650000095367432,-9.834329605102539,-1.9908493757247925
7.65500020980835,-9.833505630493164,-1.9908493757247925
7.659999847412109,-9.823841094970703,-1.9908493757247925
7.664999961853027,-9.804683685302734,-1.9908493757247925
7.670000076293945,-9.8316011428833,-1.986615538597107
7.675000190734863,-9.82136058807373,-1.9866156578063965
7.679999828338623,-9.808866500854492,-1.982381820678711
7.684999942779541,-9.827227592468262,-1.982381820678711
7.690000057220459,-9.824057579040527,-1.982381820678711
7.695000171661377,-9.7987642288208,-1.9949798583984375
7.699999809265137,-9.828274726867676,-1.9867188930511475
7.704999923706055,-9.80167007446289,-1.986615538597107
7.710000038146973,-9.841002464294434,-1.9866156578063965
7.715000152587891,-9.82656478881836,-1.9866156578063965
7.71999979019165,-9.808938026428223,-1.986615538597107
7.724999904632568,-9.809985160827637,-1.986615538597107
7.730000019073486,-9.817261695861816,-1.986615538597107
7.735000133514404,-9.814444541931152,-1.9823817014694214
7.739999771118164,-9.834094047546387,-1.9950288534164429
7.744999885559082,-9.82472038269043,-1.9866700172424316
7.75,-9.842724800109863,-1.990849494934082
7.755000114440918,-9.820642471313477,-1.9866156578063965
7.760000228881836,-9.826214790344238,-1.982381820678711
7.764999866485596,-9.839396476745605,-1.982381820678711
7.769999980926514,-9.831853866577148,-1.982381820678711
7.775000095367432,-9.808219909667969,-1.986615538597107
7.78000020980835,-9.806591033935547,-1.986615538597107
7.784999847412109,-9.816351890563965,-1.9908493757247925
7.789999961853027,-9.837124824523926,-1.986615538597107
