Time (s),Voltage (V)
0.004999999888241291,1.64959716796875
0.009999999776482582,1.64959716796875
0.014999999664723873,1.64959716796875
0.019999999552965164,1.64959716796875
0.02500000037252903,1.64959716796875
0.029999999329447746,1.64959716796875
0.03500000014901161,1.64959716796875
0.03999999910593033,1.64959716796875
0.04500000178813934,1.64959716796875
0.05000000074505806,1.64959716796875
0.054999999701976776,1.64959716796875
0.05999999865889549,1.64959716796875
0.06499999761581421,1.64959716796875
0.07000000029802322,1.64959716796875
0.07500000298023224,1.64959716796875
0.07999999821186066,1.64959716796875
0.08500000089406967,1.64959716796875
0.09000000357627869,1.6495254039764404
0.0949999988079071,1.6475067138671875
0.10000000149011612,1.645599603652954
0.10499999672174454,1.646407127380371
0.10999999940395355,1.6470917463302612
0.11500000208616257,1.6450731754302979
0.11999999731779099,1.6431502103805542
0.125,1.6431502103805542
0.12999999523162842,1.6432745456695557
0.13500000536441803,1.6456968784332275
0.14000000059604645,1.647963047027588
0.14499999582767487,1.6475592851638794
0.15000000596046448,1.6472512483596802
0.1550000011920929,1.6484624147415161
0.1599999964237213,1.649418592453003
0.16500000655651093,1.6465924978256226
0.17000000178813934,1.6441457271575928
0.17499999701976776,1.6469719409942627
0.18000000715255737,1.6495684385299683
0.1850000023841858,1.6491646766662598
0.1899999976158142,1.648821473121643
0.19499999284744263,1.6492252349853516
0.20000000298023224,1.64959716796875
0.20499999821186066,1.64959716796875
0.20999999344348907,1.64959716796875
0.2150000035762787,1.64959716796875
0.2199999988079071,1.6493165493011475
0.22499999403953552,1.6460866928100586
0.23000000417232513,1.6434435844421387
0.23499999940395355,1.6466734409332275
0.23999999463558197,1.64959716796875
0.24500000476837158,1.64959716796875
0.25,1.64959716796875
0.2549999952316284,1.64959716796875
0.25999999046325684,1.64959716796875
0.26499998569488525,1.64959716796875
0.27000001072883606,1.6492958068847656
0.2750000059604645,1.6464697122573853
0.2800000011920929,1.6439114809036255
0.2849999964237213,1.643507719039917
0.28999999165534973,1.6435201168060303
0.29499998688697815,1.6467499732971191
0.30000001192092896,1.649214506149292
0.3050000071525574,1.6459846496582031
0.3100000023841858,1.6435456275939941
0.3149999976158142,1.646775484085083
0.3199999928474426,1.6494441032409668
0.32499998807907104,1.6482329368591309
0.33000001311302185,1.6473373174667358
0.33500000834465027,1.6485486030578613
0.3400000035762787,1.64959716796875
0.3449999988079071,1.64959716796875
0.3499999940395355,1.64959716796875
0.35499998927116394,1.64959716796875
0.36000001430511475,1.6493102312088013
0.36500000953674316,1.6472915410995483
0.3700000047683716,1.6458626985549927
0.375,1.6478813886642456
0.3799999952316284,1.6490519046783447
0.38499999046325684,1.645418405532837
0.38999998569488525,1.642344355583191
0.39500001072883606,1.642344355583191
0.4000000059604645,1.642344355583191
0.4050000011920929,1.642344355583191
0.4099999964237213,1.642932653427124
0.41499999165534973,1.6465661525726318
0.41999998688697815,1.64959716796875
0.42500001192092896,1.64959716796875
0.4300000071525574,1.64959716796875
0.4350000023841858,1.64959716796875
0.4399999976158142,1.64959716796875
0.4449999928474426,1.64959716796875
0.44999998807907104,1.6495254039764404
0.45500001311302185,1.649121642112732
0.46000000834465027,1.648864507675171
0.4650000035762787,1.6492682695388794
0.4699999988079071,1.64959716796875
0.4749999940395355,1.64959716796875
0.47999998927116394,1.64959716796875
0.48500001430511475,1.64959716796875
0.49000000953674316,1.64959716796875
0.4950000047683716,1.64959716796875
0.5,1.64959716796875
0.5049999952316284,1.64959716796875
0.5099999904632568,1.64959716796875
0.5149999856948853,1.64959716796875
0.5199999809265137,1.64959716796875
0.5249999761581421,1.64959716796875
0.5299999713897705,1.64959716796875
0.5350000262260437,1.64959716796875
0.5400000214576721,1.64959716796875
0.5450000166893005,1.64959716796875
0.550000011920929,1.64959716796875
0.5550000071525574,1.64959716796875
0.5600000023841858,1.64959716796875
0.5649999976158142,1.64959716796875
0.5699999928474426,1.64959716796875
0.574999988079071,1.64959716796875
0.5799999833106995,1.64959716796875
0.5849999785423279,1.64959716796875
0.5899999737739563,1.64959716796875
0.5950000286102295,1.64959716796875
0.6000000238418579,1.6489275693893433
0.6050000190734863,1.646101474761963
0.6100000143051147,1.644539475440979
0.6150000095367432,1.6469619274139404
0.6200000047683716,1.6488900184631348
0.625,1.6492937803268433
0.6299999952316284,1.6488940715789795
0.6349999904632568,1.6460679769515991
0.6399999856948853,1.6446702480316162
0.6449999809265137,1.6474963426589966
0.6499999761581421,1.64959716796875
0.6549999713897705,1.64959716796875
0.6600000262260437,1.64959716796875
0.6650000214576721,1.64959716796875
0.6700000166893005,1.64959716796875
0.675000011920929,1.64959716796875
0.6800000071525574,1.64959716796875
0.6850000023841858,1.64959716796875
0.6899999976158142,1.64959716796875
0.6949999928474426,1.64959716796875
0.699999988079071,1.64959716796875
0.7049999833106995,1.64959716796875
0.7099999785423279,1.64959716796875
0.7149999737739563,1.64959716796875
0.7200000286102295,1.64959716796875
0.7250000238418579,1.64959716796875
0.7300000190734863,1.64959716796875
0.7350000143051147,1.64959716796875
0.7400000095367432,1.64959716796875
0.7450000047683716,1.64959716796875
0.75,1.64959716796875
0.7549999952316284,1.64959716796875
0.7599999904632568,1.64959716796875
0.7649999856948853,1.64959716796875
0.7699999809265137,1.64959716796875
0.7749999761581421,1.64959716796875
0.7799999713897705,1.64959716796875
0.7850000262260437,1.64959716796875
0.7900000214576721,1.64959716796875
0.7950000166893005,1.64959716796875
0.800000011920929,1.6487044095993042
0.8050000071525574,1.6458783149719238
0.8100000023841858,1.6436978578567505
0.8149999976158142,1.6428903341293335
0.8199999928474426,1.6435208320617676
0.824999988079071,1.647154450416565
0.8299999833106995,1.6484062671661377
0.8349999785423279,1.6447727680206299
0.8399999737739563,1.6435495615005493
0.8450000286102295,1.6471831798553467
0.8500000238418579,1.64959716796875
0.8550000190734863,1.64959716796875
0.8600000143051147,1.64959716796875
0.8650000095367432,1.64959716796875
0.8700000047683716,1.6483489274978638
0.875,1.6447153091430664
0.8799999952316284,1.6436070203781128
0.8849999904632568,1.6472405195236206
0.8899999856948853,1.64959716796875
0.8949999809265137,1.64959716796875
0.8999999761581421,1.64959716796875
0.9049999713897705,1.64959716796875
0.9100000262260437,1.6490168571472168
0.9150000214576721,1.6474019289016724
0.9200000166893005,1.6469602584838867
0.925000011920929,1.6485753059387207
0.9300000071525574,1.64959716796875
0.9350000023841858,1.64959716796875
0.9399999976158142,1.6485481262207031
0.9449999928474426,1.6457220315933228
0.949999988079071,1.6450161933898926
0.9549999833106995,1.647842288017273
0.9599999785423279,1.64959716796875
0.9649999737739563,1.64959716796875
0.9700000286102295,1.64959716796875
0.9750000238418579,1.64959716796875
0.9800000190734863,1.64959716796875
0.9850000143051147,1.64959716796875
0.9900000095367432,1.6481767892837524
0.9950000047683716,1.644543170928955
1,1.6437791585922241
1.0049999952316284,1.647412657737732
1.0099999904632568,1.64959716796875
1.0149999856948853,1.64959716796875
1.0199999809265137,1.64959716796875
1.024999976158142,1.64959716796875
1.0299999713897705,1.64959716796875
1.034999966621399,1.64959716796875
1.0399999618530273,1.64959716796875
1.0449999570846558,1.64959716796875
1.0499999523162842,1.6484254598617554
1.0549999475479126,1.6455992460250854
1.059999942779541,1.643618106842041
1.065000057220459,1.6428107023239136
1.0700000524520874,1.6438795328140259
1.0750000476837158,1.6475131511688232
1.0800000429153442,1.64959716796875
1.0850000381469727,1.64959716796875
1.090000033378601,1.6480332612991333
1.0950000286102295,1.644399642944336
1.100000023841858,1.6439225673675537
1.1050000190734863,1.647556185722351
1.1100000143051147,1.6492432355880737
1.1150000095367432,1.6484357118606567
1.1200000047683716,1.648342490196228
1.125,1.649150013923645
1.1299999952316284,1.64959716796875
1.1349999904632568,1.64959716796875
1.1399999856948853,1.64959716796875
1.1449999809265137,1.64959716796875
1.149999976158142,1.64959716796875
1.1549999713897705,1.64959716796875
1.159999966621399,1.64959716796875
1.1649999618530273,1.64959716796875
1.1699999570846558,1.64959716796875
1.1749999523162842,1.64959716796875
1.1799999475479126,1.64959716796875
1.184999942779541,1.64959716796875
1.190000057220459,1.64959716796875
1.1950000524520874,1.64959716796875
1.2000000476837158,1.64959716796875
1.2050000429153442,1.64959716796875
1.2100000381469727,1.64959716796875
1.215000033378601,1.64959716796875
1.2200000286102295,1.64959716796875
1.225000023841858,1.64959716796875
1.2300000190734863,1.6478323936462402
1.2350000143051147,1.6441987752914429
1.2400000095367432,1.6441234350204468
1.2450000047683716,1.6477570533752441
1.25,1.64959716796875
1.2549999952316284,1.64959716796875
1.2599999904632568,1.64959716796875
1.2649999856948853,1.64959716796875
1.2699999809265137,1.64959716796875
1.274999976158142,1.64959716796875
1.2799999713897705,1.64959716796875
1.284999966621399,1.64959716796875
1.2899999618530273,1.64959716796875
1.2949999570846558,1.64959716796875
1.2999999523162842,1.64959716796875
1.3049999475479126,1.64959716796875
1.309999942779541,1.64959716796875
1.315000057220459,1.64959716796875
1.3200000524520874,1.648124098777771
1.3250000476837158,1.6452980041503906
1.3300000429153442,1.6435320377349854
1.3350000381469727,1.6427245140075684
1.340000033378601,1.642344355583191
1.3450000286102295,1.642344355583191
1.350000023841858,1.644281268119812
1.3550000190734863,1.6479148864746094
1.3600000143051147,1.64959716796875
1.3650000095367432,1.64959716796875
1.3700000047683716,1.64959716796875
1.375,1.64959716796875
1.3799999952316284,1.64959716796875
1.3849999904632568,1.64959716796875
1.3899999856948853,1.64959716796875
1.3949999809265137,1.64959716796875
1.399999976158142,1.64959716796875
1.4049999713897705,1.64959716796875
1.409999966621399,1.64959716796875
1.4149999618530273,1.64959716796875
1.4199999570846558,1.64959716796875
1.4249999523162842,1.64959716796875
1.4299999475479126,1.6475454568862915
1.434999942779541,1.6439118385314941
1.440000057220459,1.644410490989685
1.4450000524520874,1.6480439901351929
1.4500000476837158,1.64959716796875
1.4550000429153442,1.64959716796875
1.4600000381469727,1.64959716796875
1.465000033378601,1.64959716796875
1.4700000286102295,1.64959716796875
1.475000023841858,1.64959716796875
1.4800000190734863,1.64959716796875
1.4850000143051147,1.64959716796875
1.4900000095367432,1.647696852684021
1.4950000047683716,1.6444669961929321
1.5,1.6429110765457153
1.5049999952316284,1.6425073146820068
1.5099999904632568,1.6445108652114868
1.5149999856948853,1.6481444835662842
1.5199999809265137,1.64959716796875
1.524999976158142,1.64959716796875
1.5299999713897705,1.64959716796875
1.534999966621399,1.64959716796875
1.5399999618530273,1.64959716796875
1.5449999570846558,1.64959716796875
1.5499999523162842,1.64959716796875
1.5549999475479126,1.64959716796875
1.559999942779541,1.64959716796875
1.565000057220459,1.64959716796875
1.5700000524520874,1.64959716796875
1.5750000476837158,1.64959716796875
1.5800000429153442,1.64959716796875
1.5850000381469727,1.64959716796875
1.590000033378601,1.64959716796875
1.5950000286102295,1.64959716796875
1.600000023841858,1.64959716796875
1.6050000190734863,1.64959716796875
1.6100000143051147,1.64959716796875
1.6150000095367432,1.64959716796875
1.6200000047683716,1.64959716796875
1.625,1.64959716796875
1.6299999952316284,1.64959716796875
1.6349999904632568,1.64959716796875
1.6399999856948853,1.64959716796875
1.6449999809265137,1.64959716796875
1.649999976158142,1.647229790687561
1.6549999713897705,1.6435961723327637
1.659999966621399,1.644726037979126
1.6649999618530273,1.6483596563339233
1.6699999570846558,1.64959716796875
1.6749999523162842,1.64959716796875
1.6799999475479126,1.64959716796875
1.684999942779541,1.64959716796875
1.690000057220459,1.6482501029968262
1.6950000524520874,1.6462314128875732
1.7000000476837158,1.6469228267669678
1.7050000429153442,1.6489415168762207
1.7100000381469727,1.64959716796875
1.715000033378601,1.64959716796875
1.7200000286102295,1.6471292972564697
1.725000023841858,1.643495798110962
1.7300000190734863,1.6448265314102173
1.7350000143051147,1.6484601497650146
1.7400000095367432,1.6471006870269775
1.7450000047683716,1.6434670686721802
1.75,1.644855260848999
1.7549999952316284,1.6484887599945068
1.7599999904632568,1.64959716796875
1.7649999856948853,1.64959716796875
1.7699999809265137,1.64959716796875
1.774999976158142,1.64959716796875
1.7799999713897705,1.64959716796875
1.784999966621399,1.64959716796875
1.7899999618530273,1.64959716796875
1.7949999570846558,1.64959716796875
1.7999999523162842,1.6481623649597168
1.8049999475479126,1.6461436748504639
1.809999942779541,1.6470105648040771
1.815000057220459,1.64902925491333
1.8200000524520874,1.6475661993026733
1.8250000476837158,1.6447399854660034
1.8300000429153442,1.645998239517212
1.8350000381469727,1.6488243341445923
1.840000033378601,1.64959716796875
1.8450000286102295,1.64959716796875
1.850000023841858,1.64959716796875
1.8550000190734863,1.64959716796875
1.8600000143051147,1.64959716796875
1.8650000095367432,1.64959716796875
1.8700000047683716,1.64959716796875
1.875,1.64959716796875
1.8799999952316284,1.6466001272201538
1.8849999904632568,1.642562747001648
1.8899999856948853,1.6418397426605225
1.8949999809265137,1.642243504524231
1.899999976158142,1.6420414447784424
1.9049999713897705,1.6416376829147339
1.909999966621399,1.644278883934021
1.9149999618530273,1.6479123830795288
1.9199999570846558,1.6490973234176636
1.9249999523162842,1.649501085281372
1.9299999475479126,1.64959716796875
1.934999942779541,1.64959716796875
1.940000057220459,1.6474322080612183
1.9450000524520874,1.644606113433838
1.9500000476837158,1.6461321115493774
1.9550000429153442,1.6489583253860474
1.9600000381469727,1.64959716796875
1.965000033378601,1.64959716796875
1.9700000286102295,1.64959716796875
1.975000023841858,1.64959716796875
1.9800000190734863,1.64959716796875
1.9850000143051147,1.64959716796875
1.9900000095367432,1.64959716796875
1.9950000047683716,1.64959716796875
2,1.64959716796875
2.005000114440918,1.64959716796875
2.009999990463257,1.64959716796875
2.015000104904175,1.64959716796875
2.0199999809265137,1.64959716796875
2.0250000953674316,1.64959716796875
2.0299999713897705,1.64959716796875
2.0350000858306885,1.64959716796875
2.0399999618530273,1.64959716796875
2.0450000762939453,1.64959716796875
2.049999952316284,1.648943543434143
2.055000066757202,1.648136019706726
2.059999942779541,1.6486421823501587
2.065000057220459,1.6494497060775757
2.069999933242798,1.64959716796875
2.075000047683716,1.64959716796875
2.0799999237060547,1.6466128826141357
2.0850000381469727,1.6429792642593384
2.0899999141693115,1.6443434953689575
2.0950000286102295,1.6467658281326294
2.0999999046325684,1.648183822631836
2.1050000190734863,1.6493951082229614
2.109999895095825,1.647242546081543
2.115000009536743,1.6444164514541626
2.119999885559082,1.6463218927383423
2.125,1.6491479873657227
2.130000114440918,1.64959716796875
2.134999990463257,1.64959716796875
2.140000104904175,1.6492559909820557
2.1449999809265137,1.6488522291183472
2.1500000953674316,1.6460492610931396
2.1549999713897705,1.6428194046020508
2.1600000858306885,1.6430330276489258
2.1649999618530273,1.6438404321670532
2.1700000762939453,1.646377682685852
2.174999952316284,1.6492037773132324
2.180000066757202,1.64959716796875
2.184999942779541,1.64959716796875
2.190000057220459,1.64959716796875
2.194999933242798,1.64959716796875
2.200000047683716,1.64959716796875
2.2049999237060547,1.64959716796875
2.2100000381469727,1.647835612297058
2.2149999141693115,1.6458169221878052
2.2200000286102295,1.6473373174667358
2.2249999046325684,1.6493560075759888
2.2300000190734863,1.6485306024551392
2.234999895095825,1.6473194360733032
2.240000009536743,1.6482508182525635
2.244999885559082,1.649462103843689
2.25,1.647086262702942
2.255000114440918,1.6442601680755615
2.259999990463257,1.6464780569076538
2.265000104904175,1.6493042707443237
2.2699999809265137,1.64959716796875
2.2750000953674316,1.64959716796875
2.2799999713897705,1.64959716796875
2.2850000858306885,1.64959716796875
2.2899999618530273,1.64959716796875
2.2950000762939453,1.64959716796875
2.299999952316284,1.64959716796875
2.305000066757202,1.64959716796875
2.309999942779541,1.64959716796875
2.315000057220459,1.64959716796875
2.319999933242798,1.64959716796875
2.325000047683716,1.64959716796875
2.3299999237060547,1.64959716796875
2.3350000381469727,1.64959716796875
2.3399999141693115,1.6488510370254517
2.3450000286102295,1.6480435132980347
2.3499999046325684,1.6453629732131958
2.3550000190734863,1.6425368785858154
2.359999895095825,1.6457304954528809
2.365000009536743,1.6493639945983887
2.369999885559082,1.646196722984314
2.375,1.6425631046295166
2.380000114440918,1.645759105682373
2.384999990463257,1.6493927240371704
2.390000104904175,1.64959716796875
2.3949999809265137,1.64959716796875
2.4000000953674316,1.6461536884307861
2.4049999713897705,1.6425200700759888
2.4100000858306885,1.6458021402359009
2.4149999618530273,1.6494357585906982
2.4200000762939453,1.64959716796875
2.424999952316284,1.64959716796875
2.430000066757202,1.6468853950500488
2.434999942779541,1.6440593004226685
2.440000057220459,1.6455119848251343
2.444999933242798,1.6471269130706787
2.450000047683716,1.6471794843673706
2.4549999237060547,1.6471794843673706
2.4600000381469727,1.6483560800552368
2.4649999141693115,1.6495672464370728
2.4700000286102295,1.64959716796875
2.4749999046325684,1.64959716796875
2.4800000190734863,1.64959716796875
2.484999895095825,1.64959716796875
2.490000009536743,1.64959716796875
2.494999885559082,1.64959716796875
2.5,1.646010160446167
2.505000114440918,1.6423766613006592
2.509999990463257,1.6431446075439453
2.515000104904175,1.6439521312713623
2.5199999809265137,1.6467682123184204
2.5250000953674316,1.6495944261550903
2.5299999713897705,1.6491937637329102
2.5350000858306885,1.6487923860549927
2.5399999618530273,1.6491961479187012
2.5450000762939453,1.6495944261550903
2.549999952316284,1.6491905450820923
2.555000066757202,1.6487648487091064
2.559999942779541,1.6463425159454346
2.565000057220459,1.6439979076385498
2.569999933242798,1.6468240022659302
2.575000047683716,1.64959716796875
2.5799999237060547,1.64959716796875
2.5850000381469727,1.64959716796875
2.5899999141693115,1.64959716796875
2.5950000286102295,1.64959716796875
2.5999999046325684,1.64959716796875
2.6050000190734863,1.64959716796875
2.609999895095825,1.64959716796875
2.615000009536743,1.6495274305343628
2.619999885559082,1.6475087404251099
2.625,1.6456454992294312
2.630000114440918,1.647664189338684
2.634999990463257,1.64959716796875
2.640000104904175,1.64959716796875
2.6449999809265137,1.64959716796875
2.6500000953674316,1.64959716796875
2.6549999713897705,1.6494345664978027
2.6600000858306885,1.6462047100067139
2.6649999618530273,1.6433255672454834
2.6700000762939453,1.6465554237365723
2.674999952316284,1.64959716796875
2.680000066757202,1.64959716796875
2.684999942779541,1.64959716796875
2.690000057220459,1.64959716796875
2.694999933242798,1.6495704650878906
2.700000047683716,1.6491667032241821
2.7049999237060547,1.6488194465637207
2.7100000381469727,1.6492233276367188
2.7149999141693115,1.6494776010513306
2.7200000286102295,1.6478626728057861
2.7249999046325684,1.646499514579773
2.7300000190734863,1.648114562034607
2.734999895095825,1.64959716796875
2.740000009536743,1.64959716796875
2.744999885559082,1.6495624780654907
2.75,1.6491587162017822
2.755000114440918,1.6488274335861206
2.759999990463257,1.649231195449829
2.765000104904175,1.6495592594146729
2.7699999809265137,1.6491554975509644
2.7750000953674316,1.6488306522369385
2.7799999713897705,1.649234414100647
2.7850000858306885,1.64959716796875
2.7899999618530273,1.64959716796875
2.7950000762939453,1.64959716796875
2.799999952316284,1.64959716796875
2.805000066757202,1.64959716796875
2.809999942779541,1.64959716796875
2.815000057220459,1.64959716796875
2.819999933242798,1.64959716796875
2.825000047683716,1.64959716796875
2.8299999237060547,1.64959716796875
2.8350000381469727,1.649204969406128
2.8399999141693115,1.645975112915039
2.8450000286102295,1.6435551643371582
2.8499999046325684,1.646785020828247
2.8550000190734863,1.64959716796875
2.859999895095825,1.64959716796875
2.865000009536743,1.64959716796875
2.869999885559082,1.64959716796875
2.875,1.64959716796875
2.880000114440918,1.64959716796875
2.884999990463257,1.6493122577667236
2.890000104904175,1.6472935676574707
2.8949999809265137,1.645567774772644
2.9000000953674316,1.645567774772644
2.9049999713897705,1.6458686590194702
2.9100000858306885,1.6478873491287231
2.9149999618530273,1.64959716796875
2.9200000762939453,1.64959716796875
2.924999952316284,1.6494070291519165
2.930000066757202,1.6481958627700806
2.934999942779541,1.64691960811615
2.940000057220459,1.6453046798706055
2.944999933242798,1.644421935081482
2.950000047683716,1.6472481489181519
2.9549999237060547,1.6494609117507935
2.9600000381469727,1.6486533880233765
2.9649999141693115,1.6481248140335083
2.9700000286102295,1.6489323377609253
2.9749999046325684,1.649525761604309
2.9800000190734863,1.6491219997406006
2.984999895095825,1.6485724449157715
2.990000009536743,1.6473612785339355
2.994999885559082,1.6466717720031738
3,1.6482867002487183
3.005000114440918,1.64959716796875
3.009999990463257,1.64959716796875
3.015000104904175,1.6489753723144531
3.0199999809265137,1.6457455158233643
3.0250000953674316,1.643784761428833
3.0299999713897705,1.6470146179199219
3.0350000858306885,1.64959716796875
3.0399999618530273,1.64959716796875
3.0450000762939453,1.6489372253417969
3.049999952316284,1.645707368850708
3.055000066757202,1.6431502103805542
3.059999942779541,1.6431502103805542
3.065000057220459,1.6438356637954712
3.069999933242798,1.64706552028656
3.075000047683716,1.64959716796875
3.0799999237060547,1.64959716796875
3.0850000381469727,1.6491527557373047
3.0899999141693115,1.6471340656280518
3.0950000286102295,1.6460201740264893
3.0999999046325684,1.6480388641357422
3.1050000190734863,1.6488606929779053
3.109999895095825,1.6456308364868164
3.115000009536743,1.6438994407653809
3.119999885559082,1.6471292972564697
3.125,1.64959716796875
3.130000114440918,1.64959716796875
3.134999990463257,1.64959716796875
3.140000104904175,1.64959716796875
3.1449999809265137,1.64959716796875
3.1500000953674316,1.64959716796875
3.1549999713897705,1.6492969989776611
3.1600000858306885,1.6480858325958252
3.1649999618530273,1.6474844217300415
3.1700000762939453,1.6486955881118774
3.174999952316284,1.64959716796875
3.180000066757202,1.64959716796875
3.184999942779541,1.64959716796875
3.190000057220459,1.64959716796875
3.194999933242798,1.6493843793869019
3.200000047683716,1.6485768556594849
3.2049999237060547,1.6473373174667358
3.2100000381469727,1.644914984703064
3.2149999141693115,1.6440269947052002
3.2200000286102295,1.647256851196289
3.2249999046325684,1.64959716796875
3.2300000190734863,1.64959716796875
3.234999895095825,1.6486948728561401
3.240000009536743,1.6454650163650513
3.244999885559082,1.644065260887146
3.25,1.6472951173782349
3.255000114440918,1.64959716796875
3.259999990463257,1.64959716796875
3.265000104904175,1.6486566066741943
3.2699999809265137,1.6454267501831055
3.2750000953674316,1.6441035270690918
3.2799999713897705,1.6473333835601807
3.2850000858306885,1.6491141319274902
3.2899999618530273,1.6474992036819458
3.2950000762939453,1.6468631029129028
3.299999952316284,1.6484780311584473
3.305000066757202,1.64959716796875
3.309999942779541,1.64959716796875
3.315000057220459,1.64959716796875
3.319999933242798,1.64959716796875
3.325000047683716,1.6494699716567993
3.3299999237060547,1.6490662097930908
3.3350000381469727,1.648919939994812
3.3399999141693115,1.6493237018585205
3.3450000286102295,1.64959716796875
3.3499999046325684,1.64959716796875
3.3550000190734863,1.64959716796875
3.359999895095825,1.64959716796875
3.365000009536743,1.64959716796875
3.369999885559082,1.64959716796875
3.375,1.64959716796875
3.380000114440918,1.64959716796875
3.384999990463257,1.64959716796875
3.390000104904175,1.64959716796875
3.3949999809265137,1.64959716796875
3.4000000953674316,1.64959716796875
3.4049999713897705,1.64959716796875
3.4100000858306885,1.64959716796875
3.4149999618530273,1.6484652757644653
3.4200000762939453,1.6452354192733765
3.424999952316284,1.6438655853271484
3.430000066757202,1.6458842754364014
3.434999942779541,1.6467454433441162
3.440000057220459,1.6455342769622803
3.444999933242798,1.6456395387649536
3.450000047683716,1.648061990737915
3.4549999237060547,1.64959716796875
3.4600000381469727,1.64959716796875
3.4649999141693115,1.64959716796875
3.4700000286102295,1.64959716796875
3.4749999046325684,1.64959716796875
3.4800000190734863,1.64959716796875
3.484999895095825,1.6494444608688354
3.490000009536743,1.649040699005127
3.494999885559082,1.6487911939620972
3.5,1.6487911939620972
3.505000114440918,1.6477004289627075
3.509999990463257,1.6448743343353271
3.515000104904175,1.6431502103805542
3.5199999809265137,1.6431502103805542
3.5250000953674316,1.643309235572815
3.5299999713897705,1.6437129974365234
3.5350000858306885,1.6437954902648926
3.5399999618530273,1.643391728401184
3.5450000762939453,1.6439611911773682
3.549999952316284,1.645979881286621
3.555000066757202,1.647670865058899
3.559999942779541,1.6488821506500244
3.565000057220459,1.64959716796875
3.569999933242798,1.64959716796875
3.575000047683716,1.64959716796875
3.5799999237060547,1.64959716796875
3.5850000381469727,1.64959716796875
3.5899999141693115,1.64959716796875
3.5950000286102295,1.64959716796875
3.5999999046325684,1.64959716796875
3.6050000190734863,1.6482229232788086
3.609999895095825,1.6449930667877197
3.615000009536743,1.6445372104644775
3.619999885559082,1.6477670669555664
3.625,1.6494221687316895
3.630000114440918,1.649018406867981
3.634999990463257,1.6484380960464478
3.640000104904175,1.6476306915283203
3.6449999809265137,1.6470013856887817
3.6500000953674316,1.6465976238250732
3.6549999713897705,1.647092580795288
3.6600000858306885,1.648707628250122
3.6649999618530273,1.64959716796875
3.6700000762939453,1.64959716796875
3.674999952316284,1.64959716796875
3.680000066757202,1.64959716796875
3.684999942779541,1.6488590240478516
3.690000057220459,1.6472440958023071
3.694999933242798,1.6469320058822632
3.700000047683716,1.6481431722640991
3.7049999237060547,1.6489789485931396
3.7100000381469727,1.6493827104568481
3.7149999141693115,1.6480827331542969
3.7200000286102295,1.644852876663208
3.7249999046325684,1.6431502103805542
3.7300000190734863,1.6431502103805542
3.734999895095825,1.6431502103805542
3.740000009536743,1.6431502103805542
3.744999885559082,1.6433442831039429
3.75,1.6437480449676514
3.755000114440918,1.6453258991241455
3.759999990463257,1.6481519937515259
3.765000104904175,1.6480189561843872
3.7699999809265137,1.6447890996932983
3.7750000953674316,1.644741177558899
3.7799999713897705,1.6479710340499878
3.7850000858306885,1.6491961479187012
3.7899999618530273,1.6483887434005737
3.7950000762939453,1.648389458656311
3.799999952316284,1.649196982383728
3.805000066757202,1.6479679346084595
3.809999942779541,1.6447380781173706
3.815000057220459,1.6447921991348267
3.819999933242798,1.6480220556259155
3.825000047683716,1.6481492519378662
3.8299999237060547,1.6453231573104858
3.8350000381469727,1.6437475681304932
3.8399999141693115,1.6433439254760742
3.8450000286102295,1.6433602571487427
3.8499999046325684,1.6437640190124512
3.8550000190734863,1.645437479019165
3.859999895095825,1.6482635736465454
3.865000009536743,1.64959716796875
3.869999885559082,1.64959716796875
3.875,1.6493823528289795
3.880000114440918,1.648978590965271
3.884999990463257,1.6472762823104858
3.890000104904175,1.644450306892395
3.8949999809265137,1.6448942422866821
3.9000000953674316,1.648124098777771
3.9049999713897705,1.6489382982254028
3.9100000858306885,1.647727131843567
3.9149999618530273,1.6471794843673706
3.9200000762939453,1.6471794843673706
3.924999952316284,1.646065592765808
3.930000066757202,1.6440469026565552
3.934999942779541,1.6433745622634888
3.940000057220459,1.6437783241271973
3.944999933242798,1.6455379724502563
3.950000047683716,1.6483640670776367
3.9549999237060547,1.6493695974349976
3.9600000381469727,1.648965835571289
3.9649999141693115,1.6471871137619019
3.9700000286102295,1.6443610191345215
3.9749999046325684,1.644534707069397
3.9800000190734863,1.6469570398330688
3.984999895095825,1.6484500169754028
3.990000009536743,1.6492575407028198
3.994999885559082,1.64959716796875
4,1.64959716796875
4.005000114440918,1.64959716796875
4.010000228881836,1.64959716796875
4.014999866485596,1.6477000713348389
4.019999980926514,1.64447021484375
4.025000095367432,1.6450600624084473
4.03000020980835,1.6482899188995361
4.034999847412109,1.6493568420410156
4.039999961853027,1.6489530801773071
4.045000076293945,1.6490331888198853
4.050000190734863,1.6494369506835938
4.054999828338623,1.6478925943374634
4.059999942779541,1.6450663805007935
4.065000057220459,1.6456718444824219
4.070000171661377,1.6484979391098022
4.074999809265137,1.64959716796875
4.079999923706055,1.64959716796875
4.085000038146973,1.6478590965270996
4.090000152587891,1.6450330018997192
4.09499979019165,1.6454553604125977
4.099999904632568,1.6478776931762695
4.105000019073486,1.6490427255630493
4.110000133514404,1.6494464874267578
4.114999771118164,1.64959716796875
4.119999885559082,1.64959716796875
4.125,1.64959716796875
4.130000114440918,1.64959716796875
4.135000228881836,1.6475470066070557
4.139999866485596,1.6443171501159668
4.144999980926514,1.6434080600738525
4.150000095367432,1.643811821937561
4.15500020980835,1.6457722187042236
4.159999847412109,1.6485984325408936
4.164999961853027,1.647769808769226
4.170000076293945,1.6449437141418457
4.175000190734863,1.6457946300506592
4.179999828338623,1.6486207246780396
4.184999942779541,1.6480116844177246
4.190000057220459,1.6455893516540527
4.195000171661377,1.6463569402694702
4.199999809265137,1.6487793922424316
4.204999923706055,1.6474577188491821
4.210000038146973,1.6442278623580933
4.215000152587891,1.645302414894104
4.21999979019165,1.6485322713851929
4.224999904632568,1.64959716796875
4.230000019073486,1.64959716796875
4.235000133514404,1.6487804651260376
4.239999771118164,1.6475692987442017
4.244999885559082,1.648000955581665
4.25,1.649212121963501
4.255000114440918,1.6473939418792725
4.260000228881836,1.6441640853881836
4.264999866485596,1.6450891494750977
4.269999980926514,1.647915244102478
4.275000095367432,1.6482340097427368
4.28000020980835,1.6474266052246094
4.284999847412109,1.6480200290679932
4.289999961853027,1.6492313146591187
4.295000076293945,1.64959716796875
4.300000190734863,1.64959716796875
4.304999828338623,1.64959716796875
4.309999942779541,1.64959716796875
4.315000057220459,1.6487421989440918
4.320000171661377,1.6475310325622559
4.324999809265137,1.6457467079162598
4.329999923706055,1.6437281370162964
4.335000038146973,1.6443028450012207
4.340000152587891,1.6459176540374756
4.34499979019165,1.64753258228302
4.349999904632568,1.649147629737854
4.355000019073486,1.6472663879394531
4.360000133514404,1.6440365314483643
4.364999771118164,1.645493745803833
4.369999885559082,1.6487236022949219
4.375,1.64959716796875
4.380000114440918,1.64959716796875
4.385000228881836,1.647524356842041
4.389999866485596,1.644698143005371
4.394999980926514,1.6460400819778442
4.400000095367432,1.6488661766052246
4.40500020980835,1.647202730178833
4.409999847412109,1.6439728736877441
4.414999961853027,1.6455574035644531
4.420000076293945,1.648787260055542
4.425000190734863,1.64959716796875
4.429999828338623,1.64959716796875
4.434999942779541,1.64959716796875
4.440000057220459,1.64959716796875
4.445000171661377,1.64959716796875
4.449999809265137,1.64959716796875
4.454999923706055,1.64959716796875
4.460000038146973,1.64959716796875
4.465000152587891,1.64959716796875
4.46999979019165,1.64959716796875
4.474999904632568,1.64959716796875
4.480000019073486,1.64959716796875
4.485000133514404,1.6471006870269775
4.489999771118164,1.6438708305358887
4.494999885559082,1.6444047689437866
4.5,1.646019697189331
4.505000114440918,1.6451126337051392
4.510000228881836,1.6434977054595947
4.514999866485596,1.6456849575042725
4.519999980926514,1.6489148139953613
4.525000095367432,1.64768648147583
4.53000020980835,1.6452641487121582
4.534999847412109,1.6441218852996826
4.539999961853027,1.6433143615722656
4.545000076293945,1.6457232236862183
4.550000190734863,1.6489530801773071
4.554999828338623,1.64959716796875
4.559999942779541,1.64959716796875
4.565000057220459,1.64959716796875
4.570000171661377,1.64959716796875
4.574999809265137,1.64959716796875
4.579999923706055,1.64959716796875
4.585000038146973,1.6469731330871582
4.590000152587891,1.6437432765960693
4.59499979019165,1.64545738697052
4.599999904632568,1.6482834815979004
4.605000019073486,1.6491224765777588
4.610000133514404,1.6495262384414673
4.614999771118164,1.6469348669052124
4.619999885559082,1.6437050104141235
4.625,1.6431502103805542
4.630000114440918,1.6431502103805542
4.635000228881836,1.6431502103805542
4.639999866485596,1.6431502103805542
4.644999980926514,1.6458507776260376
4.650000095367432,1.6490806341171265
4.65500020980835,1.6468838453292847
4.659999847412109,1.6436539888381958
4.664999961853027,1.644853949546814
4.670000076293945,1.646872639656067
4.675000190734863,1.6482065916061401
4.679999828338623,1.649417757987976
4.684999942779541,1.64959716796875
4.690000057220459,1.64959716796875
4.695000171661377,1.64959716796875
4.699999809265137,1.64959716796875
4.704999923706055,1.646820068359375
4.710000038146973,1.6435902118682861
4.715000152587891,1.6448938846588135
4.71999979019165,1.6469124555587769
4.724999904632568,1.6482305526733398
4.730000019073486,1.6494417190551758
4.735000133514404,1.647133708000183
4.739999771118164,1.6443076133728027
4.744999885559082,1.6439560651779175
4.75,1.6439560651779175
4.755000114440918,1.6464418172836304
4.760000228881836,1.6492679119110107
4.764999866485596,1.6481703519821167
4.769999980926514,1.6465554237365723
4.775000095367432,1.6478068828582764
4.78000020980835,1.6494218111038208
4.784999847412109,1.64959716796875
4.789999961853027,1.64959716796875
4.795000076293945,1.6492356061935425
4.800000190734863,1.648831844329834
4.804999828338623,1.6491543054580688
4.809999942779541,1.6495580673217773
4.815000057220459,1.648503065109253
4.820000171661377,1.647291898727417
4.824999809265137,1.6482783555984497
4.829999923706055,1.6494895219802856
4.835000038146973,1.6466542482376099
4.840000152587891,1.643424391746521
4.84499979019165,1.6457363367080688
4.849999904632568,1.6485624313354492
4.855000019073486,1.647678017616272
4.860000133514404,1.646466851234436
4.864999771118164,1.6474915742874146
4.869999885559082,1.6487027406692505
4.875,1.6461715698242188
4.880000114440918,1.6433454751968384
4.885000228881836,1.646156907081604
4.889999866485596,1.6493867635726929
4.894999980926514,1.6492196321487427
4.900000095367432,1.6488158702850342
4.90500020980835,1.6476541757583618
4.909999847412109,1.6464430093765259
4.914999961853027,1.64789617061615
4.920000076293945,1.6495110988616943
4.925000190734863,1.64959716796875
4.929999828338623,1.64959716796875
4.934999942779541,1.6492133140563965
4.940000057220459,1.648809552192688
4.945000171661377,1.6491765975952148
4.949999809265137,1.649580478668213
4.954999923706055,1.648436188697815
4.960000038146973,1.6472249031066895
4.965000152587891,1.6483452320098877
4.96999979019165,1.6495565176010132
4.974999904632568,1.64959716796875
4.980000019073486,1.64959716796875
4.985000133514404,1.6464629173278809
4.989999771118164,1.643233060836792
4.994999885559082,1.6462972164154053
5,1.6495270729064941
5.005000114440918,0.8411150574684143
5.010000228881836,0.01468484103679657
5.014999866485596,0
5.019999980926514,0
5.025000095367432,0
5.03000020980835,0
5.034999847412109,0
5.039999961853027,0
5.045000076293945,0
5.050000190734863,0
5.054999828338623,0
5.059999942779541,0
5.065000057220459,0
5.070000171661377,0
5.074999809265137,0
5.079999923706055,0
5.085000038146973,0
5.090000152587891,0
5.09499979019165,0
5.099999904632568,0
5.105000019073486,0
5.110000133514404,0
5.114999771118164,0
5.119999885559082,0
5.125,0
5.130000114440918,0.000011956392881984357
5.135000228881836,0.0004156838986091316
5.139999866485596,0.0007923102821223438
5.144999980926514,0.00038858276093378663
5.150000095367432,0
5.15500020980835,0
5.159999847412109,0
5.164999961853027,0
5.170000076293945,0
5.175000190734863,0
5.179999828338623,0
5.184999942779541,0
5.190000057220459,0
5.195000171661377,0
5.199999809265137,0
5.204999923706055,0
5.210000038146973,0
5.215000152587891,0
5.21999979019165,0
5.224999904632568,0
5.230000019073486,0
5.235000133514404,0
5.239999771118164,0
5.244999885559082,0
5.25,0
5.255000114440918,0
5.260000228881836,0
5.264999866485596,0
5.269999980926514,0
5.275000095367432,0
5.28000020980835,0
5.284999847412109,0
5.289999961853027,0
5.295000076293945,0
5.300000190734863,0
5.304999828338623,0
5.309999942779541,0
5.315000057220459,0
5.320000171661377,0
5.324999809265137,0
5.329999923706055,0
5.335000038146973,0
5.340000152587891,0
5.34499979019165,0
5.349999904632568,0
5.355000019073486,0
5.360000133514404,0
5.364999771118164,0
5.369999885559082,0
5.375,0
5.380000114440918,0
5.385000228881836,0
5.389999866485596,0
5.394999980926514,0
5.400000095367432,0
5.40500020980835,0
5.409999847412109,0
5.414999961853027,0
5.420000076293945,0
5.425000190734863,0
5.429999828338623,0
5.434999942779541,0
5.440000057220459,0
5.445000171661377,0
5.449999809265137,0
5.454999923706055,0
5.460000038146973,0
5.465000152587891,0
5.46999979019165,0
5.474999904632568,0
5.480000019073486,0
5.485000133514404,0
5.489999771118164,0
5.494999885559082,0
5.5,0
5.505000114440918,0
5.510000228881836,0
5.514999866485596,0
5.519999980926514,0
5.525000095367432,0
5.53000020980835,0
5.534999847412109,0
5.539999961853027,0
5.545000076293945,0
5.550000190734863,0
5.554999828338623,0
5.559999942779541,0
5.565000057220459,0
5.570000171661377,0
5.574999809265137,0
5.579999923706055,0.00016738948761485517
5.585000038146973,0.0009748445590957999
5.590000152587891,0.0014411438023671508
5.59499979019165,0.0006336888181976974
5.599999904632568,0
5.605000019073486,0
5.610000133514404,0
5.614999771118164,0
5.619999885559082,0
5.625,0
5.630000114440918,0
5.635000228881836,0
5.639999866485596,0
5.644999980926514,0
5.650000095367432,0
5.65500020980835,0
5.659999847412109,0
5.664999961853027,0
5.670000076293945,0
5.675000190734863,0
5.679999828338623,0
5.684999942779541,0
5.690000057220459,0
5.695000171661377,0
5.699999809265137,0
5.704999923706055,0
5.710000038146973,0
5.715000152587891,0
5.71999979019165,0
5.724999904632568,0
5.730000019073486,0
5.735000133514404,0
5.739999771118164,0
5.744999885559082,0
5.75,0
5.755000114440918,0
5.760000228881836,0
5.764999866485596,0
5.769999980926514,0
5.775000095367432,0
5.78000020980835,0
5.784999847412109,0
5.789999961853027,0
5.795000076293945,0
5.800000190734863,0
5.804999828338623,0
5.809999942779541,0
5.815000057220459,0
5.820000171661377,0
5.824999809265137,0
5.829999923706055,0
5.835000038146973,0
5.840000152587891,0
5.84499979019165,0
5.849999904632568,0
5.855000019073486,0
5.860000133514404,0
5.864999771118164,0
5.869999885559082,0
5.875,0
5.880000114440918,0
5.885000228881836,0
5.889999866485596,0
5.894999980926514,0
5.900000095367432,0
5.90500020980835,0
5.909999847412109,0
5.914999961853027,0
5.920000076293945,0
5.925000190734863,0
5.929999828338623,0
5.934999942779541,0
5.940000057220459,0
5.945000171661377,0
5.949999809265137,0
5.954999923706055,0
5.960000038146973,0
5.965000152587891,0
5.96999979019165,0
5.974999904632568,0
5.980000019073486,0
5.985000133514404,0
5.989999771118164,0
5.994999885559082,0
6,0
6.005000114440918,0
6.010000228881836,0
6.014999866485596,0
6.019999980926514,0
6.025000095367432,0
6.03000020980835,0
6.034999847412109,0
6.039999961853027,0.00015702728705946356
6.045000076293945,0.0005607547936961055
6.050000190734863,0.0006472393870353699
6.054999828338623,0.00024351186584681273
6.059999942779541,0
6.065000057220459,0
6.070000171661377,0
6.074999809265137,0
6.079999923706055,0
6.085000038146973,0
6.090000152587891,0
6.09499979019165,0
6.099999904632568,0
6.105000019073486,0
6.110000133514404,0
6.114999771118164,0
6.119999885559082,0
6.125,0
6.130000114440918,0
6.135000228881836,0
6.139999866485596,0
6.144999980926514,0
6.150000095367432,0
6.15500020980835,0
6.159999847412109,0
6.164999961853027,0
6.170000076293945,0
6.175000190734863,0
6.179999828338623,0
6.184999942779541,0
6.190000057220459,0.00036188014200888574
6.195000171661377,0.0011693352134898305
6.199999809265137,0.0012466531479731202
6.204999923706055,0.00043919816380366683
6.210000038146973,0.00018412843928672373
6.215000152587891,0.0005878559895791113
6.21999979019165,0.0006201382493600249
6.224999904632568,0.00021641069906763732
6.230000019073486,0
6.235000133514404,0
6.239999771118164,0.0003778219979722053
6.244999885559082,0.0011852770112454891
6.25,0.0012307113502174616
6.255000114440918,0.00042325627873651683
6.260000228881836,0
6.264999866485596,0
6.269999980926514,0
6.275000095367432,0
6.28000020980835,0
6.284999847412109,0
6.289999961853027,0
6.295000076293945,0
6.300000190734863,0
6.304999828338623,0
6.309999942779541,0
6.315000057220459,0
6.320000171661377,0.00020166448666714132
6.324999809265137,0.000605391978751868
6.329999923706055,0.0006026022019796073
6.335000038146973,0.00019887466623913497
6.340000152587891,0
6.34499979019165,0
6.349999904632568,0
6.355000019073486,0
6.360000133514404,0
6.364999771118164,0
6.369999885559082,0
6.375,0
6.380000114440918,0
6.385000228881836,0
6.389999866485596,0
6.394999980926514,0
6.400000095367432,0
6.40500020980835,0
6.409999847412109,0
6.414999961853027,0
6.420000076293945,0
6.425000190734863,0
6.429999828338623,0
6.434999942779541,0
6.440000057220459,0
6.445000171661377,0
6.449999809265137,0
6.454999923706055,0
6.460000038146973,0
6.465000152587891,0
6.46999979019165,0
6.474999904632568,0
6.480000019073486,0.00022717146202921867
6.485000133514404,0.0006308989832177758
6.489999771118164,0.0005770951975136995
6.494999885559082,0.0001733676908770576
6.5,0
6.505000114440918,0
6.510000228881836,0
6.514999866485596,0
6.519999980926514,0
6.525000095367432,0
6.53000020980835,0
6.534999847412109,0
6.539999961853027,0
6.545000076293945,0
6.550000190734863,0
6.554999828338623,0
6.559999942779541,0
6.565000057220459,0
6.570000171661377,0
6.574999809265137,0
6.579999923706055,0
6.585000038146973,0
6.590000152587891,0
6.59499979019165,0
6.599999904632568,0
6.605000019073486,0
6.610000133514404,0
6.614999771118164,0
6.619999885559082,0
6.625,0
6.630000114440918,0
6.635000228881836,0
6.639999866485596,0.00025267843739129603
6.644999980926514,0.0006564059294760227
6.650000095367432,0.0005515882512554526
6.65500020980835,0.00014786071551498026
6.659999847412109,0
6.664999961853027,0
6.670000076293945,0
6.675000190734863,0
6.679999828338623,0
6.684999942779541,0
6.690000057220459,0
6.695000171661377,0
6.699999809265137,0.0005244870553724468
6.704999923706055,0.001331942155957222
6.710000038146973,0.0010840462055057287
6.715000152587891,0.00027659122133627534
6.71999979019165,0
6.724999904632568,0
6.730000019073486,0
6.735000133514404,0
6.739999771118164,0
6.744999885559082,0
6.75,0
6.755000114440918,0
6.760000228881836,0
6.764999866485596,0
6.769999980926514,0
6.775000095367432,0
6.78000020980835,0
6.784999847412109,0
6.789999961853027,0
6.795000076293945,0
6.800000190734863,0
6.804999828338623,0
6.809999942779541,0
6.815000057220459,0
6.820000171661377,0
6.824999809265137,0
6.829999923706055,0
6.835000038146973,0
6.840000152587891,0
6.84499979019165,0
6.849999904632568,0
6.855000019073486,0
6.860000133514404,0
6.864999771118164,0
6.869999885559082,0
6.875,0
6.880000114440918,0
6.885000228881836,0
6.889999866485596,0
6.894999980926514,0
6.900000095367432,0
6.90500020980835,0
6.909999847412109,0
6.914999961853027,0
6.920000076293945,0
6.925000190734863,0
6.929999828338623,0
6.934999942779541,0
6.940000057220459,0
6.945000171661377,0
6.949999809265137,0
6.954999923706055,0
6.960000038146973,0
6.965000152587891,0
6.96999979019165,0
6.974999904632568,0
6.980000019073486,0
6.985000133514404,0
6.989999771118164,0
6.994999885559082,0
7,0
7.005000114440918,0
7.010000228881836,0
7.014999866485596,0
7.019999980926514,0
7.025000095367432,0
7.03000020980835,0
7.034999847412109,0
7.039999961853027,0
7.045000076293945,0
7.050000190734863,0.00031804005266167223
7.054999828338623,0.0007217675447463989
7.059999942779541,0.00048622663598507643
7.065000057220459,0.00008249910752056167
7.070000171661377,0
7.074999809265137,0
7.079999923706055,0
7.085000038146973,0
7.090000152587891,0
7.09499979019165,0
7.099999904632568,0
7.105000019073486,0
7.110000133514404,0
7.114999771118164,0
7.119999885559082,0
7.125,0
7.130000114440918,0
7.135000228881836,0
7.139999866485596,0
7.144999980926514,0
7.150000095367432,0
7.15500020980835,0
7.159999847412109,0
7.164999961853027,0
7.170000076293945,0
7.175000190734863,0
7.179999828338623,0
7.184999942779541,0
7.190000057220459,0
7.195000171661377,0
7.199999809265137,0
7.204999923706055,0
7.210000038146973,0
7.215000152587891,0
7.21999979019165,0
7.224999904632568,0
7.230000019073486,0
7.235000133514404,0
7.239999771118164,0
7.244999885559082,0
7.25,0
7.255000114440918,0
7.260000228881836,0
7.264999866485596,0
7.269999980926514,0
7.275000095367432,0
7.28000020980835,0.000354706309735775
7.284999847412109,0.0007584338309243321
7.289999961853027,0.0004495603498071432
7.295000076293945,0.000045832839532522485
7.300000190734863,0
7.304999828338623,0
7.309999942779541,0
7.315000057220459,0
7.320000171661377,0
7.324999809265137,0
7.329999923706055,0
7.335000038146973,0
7.340000152587891,0
7.34499979019165,0
7.349999904632568,0.00036586562055163085
7.355000019073486,0.0007695931126363575
7.360000133514404,0.0004384010680951178
7.364999771118164,0.000034673539630603045
7.369999885559082,0
7.375,0
7.380000114440918,0
7.385000228881836,0
7.389999866485596,0
7.394999980926514,0
7.400000095367432,0
7.40500020980835,0
7.409999847412109,0
7.414999961853027,0
7.420000076293945,0
7.425000190734863,0
7.429999828338623,0.0003786190936807543
7.434999942779541,0.000782346585765481
7.440000057220459,0.0004256475658621639
7.445000171661377,0.000021920051949564368
7.449999809265137,0
7.454999923706055,0
7.460000038146973,0
7.465000152587891,0
7.46999979019165,0
7.474999904632568,0
7.480000019073486,0
7.485000133514404,0
7.489999771118164,0
7.494999885559082,0
7.5,0
7.505000114440918,0
7.510000228881836,0
7.514999866485596,0
7.519999980926514,0
7.525000095367432,0
7.53000020980835,0
7.534999847412109,0
7.539999961853027,0
7.545000076293945,0
7.550000190734863,0
7.554999828338623,0
7.559999942779541,0
7.565000057220459,0
7.570000171661377,0
7.574999809265137,0
7.579999923706055,0
7.585000038146973,0
7.590000152587891,0
7.59499979019165,0.0000019927319954149425
7.599999904632568,0.0004057202604599297
7.605000019073486,0.0008022739202715456
7.610000133514404,0.00039854642818681896
7.614999771118164,0
7.619999885559082,0
7.625,0
7.630000114440918,0
7.635000228881836,0
7.639999866485596,0
7.644999980926514,0
7.650000095367432,0
7.65500020980835,0
7.659999847412109,0
7.664999961853027,0
7.670000076293945,0
7.675000190734863,0
7.679999828338623,0
7.684999942779541,0
7.690000057220459,0
7.695000171661377,0
7.699999809265137,0
7.704999923706055,0
7.710000038146973,0
7.715000152587891,0
7.71999979019165,0
7.724999904632568,0
7.730000019073486,0
7.735000133514404,0
7.739999771118164,0
7.744999885559082,0
7.75,0
7.755000114440918,0
7.760000228881836,0
7.764999866485596,0
7.769999980926514,0
7.775000095367432,0
7.78000020980835,0
7.784999847412109,0
7.789999961853027,0
7.795000076293945,0
7.800000190734863,0
7.804999828338623,0
7.809999942779541,0
7.815000057220459,0.00003706481584231369
7.820000171661377,0.0004407923261169344
7.824999809265137,0.000844519876409322
7.829999923706055,0.0012482473393902183
7.835000038146973,0.0015312152681872249
7.840000152587891,0.0007237602840177715
7.84499979019165,0
7.849999904632568,0
7.855000019073486,0
7.860000133514404,0
7.864999771118164,0
7.869999885559082,0
7.875,0
7.880000114440918,0
7.885000228881836,0.00009644823148846626
7.889999866485596,0.0009039032738655806
7.894999980926514,0.0015120850875973701
7.900000095367432,0.0007046300452202559
7.90500020980835,0.0000514124876644928
7.909999847412109,0.00045514001976698637
7.914999961853027,0.000752854160964489
7.920000076293945,0.0003491266688797623
7.925000190734863,0
7.929999828338623,0
7.934999942779541,0
7.940000057220459,0
7.945000171661377,0
7.949999809265137,0
7.954999923706055,0
7.960000038146973,0
7.965000152587891,0
7.96999979019165,0
7.974999904632568,0
7.980000019073486,0
7.985000133514404,0
7.989999771118164,0
7.994999885559082,0
8,0
8.005000114440918,0
8.010000228881836,0
8.015000343322754,0
8.020000457763672,0
8.024999618530273,0
8.029999732971191,0
8.03499984741211,0
8.039999961853027,0
8.045000076293945,0
8.050000190734863,0
8.055000305175781,0
8.0600004196167,0
8.0649995803833,0
8.069999694824219,0
8.074999809265137,0
8.079999923706055,0
8.085000038146973,0
8.09000015258789,0
8.095000267028809,0
8.100000381469727,0
8.104999542236328,0
8.109999656677246,0
8.114999771118164,0
8.119999885559082,0
8.125,0
8.130000114440918,0
8.135000228881836,0
8.140000343322754,0
8.145000457763672,0
8.149999618530273,0
8.154999732971191,0
8.15999984741211,0
8.164999961853027,0
8.170000076293945,0
8.175000190734863,0
8.180000305175781,0
8.1850004196167,0
8.1899995803833,0
8.194999694824219,0
8.199999809265137,0
8.204999923706055,0
8.210000038146973,0
8.21500015258789,0
8.220000267028809,0
8.225000381469727,0
8.229999542236328,0
8.234999656677246,0
8.239999771118164,0
8.244999885559082,0
8.25,0
8.255000114440918,0
8.260000228881836,0
8.265000343322754,0
8.270000457763672,0
8.274999618530273,0
8.279999732971191,0
8.28499984741211,0.00011199153959751129
8.289999961853027,0.0005157190607860684
8.295000076293945,0.0006922751199454069
8.300000190734863,0.00028854759875684977
8.305000305175781,0
8.3100004196167,0
8.3149995803833,0
8.319999694824219,0
8.324999809265137,0
8.329999923706055,0
8.335000038146973,0
8.34000015258789,0
8.345000267028809,0
8.350000381469727,0
8.354999542236328,0
8.359999656677246,0
8.364999771118164,0
8.369999885559082,0
8.375,0
8.380000114440918,0
8.385000228881836,0.00012793339556083083
8.390000343322754,0.000531660916749388
8.395000457763672,0.0006763332639820874
8.399999618530273,0.0002726057427935302
8.404999732971191,0
8.40999984741211,0
8.414999961853027,0
8.420000076293945,0
8.425000190734863,0
8.430000305175781,0
8.4350004196167,0
8.4399995803833,0
8.444999694824219,0
8.449999809265137,0
8.454999923706055,0
8.460000038146973,0
8.46500015258789,0
8.470000267028809,0
8.475000381469727,0
8.479999542236328,0
8.484999656677246,0
8.489999771118164,0
8.494999885559082,0
8.5,0
8.505000114440918,0
8.510000228881836,0
8.515000343322754,0
8.520000457763672,0
8.524999618530273,0
8.529999732971191,0
8.53499984741211,0
8.539999961853027,0
8.545000076293945,0
8.550000190734863,0
8.555000305175781,0
8.5600004196167,0
8.5649995803833,0
8.569999694824219,0
8.574999809265137,0
8.579999923706055,0
8.585000038146973,0
8.59000015258789,0
8.595000267028809,0
8.600000381469727,0
8.604999542236328,0
8.609999656677246,0
8.614999771118164,0
8.619999885559082,0
8.625,0
8.630000114440918,0
8.635000228881836,0
8.640000343322754,0
8.645000457763672,0
8.649999618530273,0
8.654999732971191,0
8.65999984741211,0
8.664999961853027,0
8.670000076293945,0
8.675000190734863,0
8.680000305175781,0
8.6850004196167,0
8.6899995803833,0
8.694999694824219,0
8.699999809265137,0
8.704999923706055,0
8.710000038146973,0
8.71500015258789,0
8.720000267028809,0
8.725000381469727,0
8.729999542236328,0
8.734999656677246,0
8.739999771118164,0
8.744999885559082,0
8.75,0
8.755000114440918,0
8.760000228881836,0
8.765000343322754,0
8.770000457763672,0
8.774999618530273,0
8.779999732971191,0
8.78499984741211,0
8.789999961853027,0
8.795000076293945,0
8.800000190734863,0
8.805000305175781,0
8.8100004196167,0
8.8149995803833,0
8.819999694824219,0
8.824999809265137,0
8.829999923706055,0
8.835000038146973,0
8.84000015258789,0
8.845000267028809,0
8.850000381469727,0
8.854999542236328,0
8.859999656677246,0
8.864999771118164,0
8.869999885559082,0
8.875,0
8.880000114440918,0
8.885000228881836,0
8.890000343322754,0
8.895000457763672,0
8.899999618530273,0
8.904999732971191,0
8.90999984741211,0
8.914999961853027,0
8.920000076293945,0
8.925000190734863,0
8.930000305175781,0
8.9350004196167,0
8.9399995803833,0
8.944999694824219,0
8.949999809265137,0
8.954999923706055,0
8.960000038146973,0
8.96500015258789,0
8.970000267028809,0
8.975000381469727,0
8.979999542236328,0
8.984999656677246,0.0002235845458926633
8.989999771118164,0.0006273120525293052
8.994999885559082,0.0005806821282021701
9,0.00017695460701361299
9.005000114440918,0
9.010000228881836,0
9.015000343322754,0
9.020000457763672,0
9.024999618530273,0
9.029999732971191,0
9.03499984741211,0
9.039999961853027,0
9.045000076293945,0
9.050000190734863,0
9.055000305175781,0
9.0600004196167,0
9.0649995803833,0
9.069999694824219,0
9.074999809265137,0
9.079999923706055,0
9.085000038146973,0
9.09000015258789,0
9.095000267028809,0
9.100000381469727,0
9.104999542236328,0
9.109999656677246,0
9.114999771118164,0
9.119999885559082,0
9.125,0
9.130000114440918,0
9.135000228881836,0
9.140000343322754,0
9.145000457763672,0
9.149999618530273,0
9.154999732971191,0
9.15999984741211,0
9.164999961853027,0
9.170000076293945,0
9.175000190734863,0
9.180000305175781,0
9.1850004196167,0.00025546824326738715
9.1899995803833,0.0006591957644559443
9.194999694824219,0.000548798416275531
9.199999809265137,0.0001450708950869739
9.204999923706055,0
9.210000038146973,0
9.21500015258789,0
9.220000267028809,0
9.225000381469727,0
9.229999542236328,0
9.234999656677246,0
9.239999771118164,0
9.244999885559082,0
9.25,0
9.255000114440918,0.000266627554083243
9.260000228881836,0.0006703550461679697
9.265000343322754,0.0005376391345635056
9.270000457763672,0.00013391159882303327
9.274999618530273,0
9.279999732971191,0
9.28499984741211,0
9.289999961853027,0
9.295000076293945,0
9.300000190734863,0
9.305000305175781,0.0005491969641298056
9.3100004196167,0.0013566520065069199
9.3149995803833,0.0010593363549560308
9.319999694824219,0.000251881341682747
9.324999809265137,0
9.329999923706055,0
9.335000038146973,0
9.34000015258789,0
9.345000267028809,0
9.350000381469727,0
9.354999542236328,0
9.359999656677246,0
9.364999771118164,0
9.369999885559082,0
9.375,0
9.380000114440918,0
9.385000228881836,0
9.390000343322754,0
9.395000457763672,0
9.399999618530273,0
9.404999732971191,0
9.40999984741211,0
9.414999961853027,0
9.420000076293945,0
9.425000190734863,0
9.430000305175781,0
9.4350004196167,0
9.4399995803833,0
9.444999694824219,0
9.449999809265137,0
9.454999923706055,0
9.460000038146973,0
9.46500015258789,0.00030010545742698014
9.470000267028809,0.0007038329495117068
9.475000381469727,0.0005041612312197685
9.479999542236328,0.00010043369547929615
9.484999656677246,0
9.489999771118164,0
9.494999885559082,0
9.5,0
9.505000114440918,0
9.510000228881836,0
9.515000343322754,0.0006161527708172798
9.520000457763672,0.0014236078131943941
9.524999618530273,0.0009923805482685566
9.529999732971191,0.00018492553499527276
9.53499984741211,0
9.539999961853027,0
9.545000076293945,0
9.550000190734863,0
9.555000305175781,0
9.5600004196167,0
9.5649995803833,0
9.569999694824219,0
9.574999809265137,0
9.579999923706055,0
9.585000038146973,0
9.59000015258789,0
9.595000267028809,0
9.600000381469727,0
9.604999542236328,0
9.609999656677246,0
9.614999771118164,0
9.619999885559082,0
9.625,0
9.630000114440918,0
9.635000228881836,0
9.640000343322754,0
9.645000457763672,0
9.649999618530273,0
9.654999732971191,0
9.65999984741211,0
9.664999961853027,0
9.670000076293945,0
9.675000190734863,0.00033358336077071726
9.680000305175781,0.000737310852855444
9.6850004196167,0.0004706833278760314
9.6899995803833,0.00006695579941151664
9.694999694824219,0
9.699999809265137,0
9.704999923706055,0
9.710000038146973,0
9.71500015258789,0.000679920194670558
9.720000267028809,0.0014873752370476723
9.725000381469727,0.0009286131244152784
9.729999542236328,0.0001211581111419946
9.734999656677246,0
9.739999771118164,0
9.744999885559082,0
9.75,0
9.755000114440918,0
9.760000228881836,0
9.765000343322754,0
9.770000457763672,0
9.774999618530273,0
9.779999732971191,0
9.78499984741211,0
9.789999961853027,0
9.795000076293945,0
9.800000190734863,0
9.805000305175781,0
9.8100004196167,0
9.8149995803833,0
9.819999694824219,0
9.824999809265137,0.0007149922894313931
9.829999923706055,0.0015224473318085074
9.835000038146973,0.0008935410878621042
9.84000015258789,0.00008608602365711704
9.845000267028809,0
9.850000381469727,0
9.854999542236328,0
9.859999656677246,0
9.864999771118164,0
9.869999885559082,0
9.875,0
9.880000114440918,0
9.885000228881836,0
9.890000343322754,0
9.895000457763672,0
9.899999618530273,0
9.904999732971191,0
9.90999984741211,0
9.914999961853027,0
9.920000076293945,0
9.925000190734863,0
9.930000305175781,0
9.9350004196167,0
9.9399995803833,0
9.944999694824219,0
9.949999809265137,0
9.954999923706055,0
9.960000038146973,0
9.96500015258789,0
9.970000267028809,0
9.975000381469727,0
9.979999542236328,0
9.984999656677246,0
9.989999771118164,0
9.994999885559082,0
10,0
10.005000114440918,0
10.010000228881836,0
10.015000343322754,0
10.020000457763672,0
10.024999618530273,0
10.029999732971191,0
10.03499984741211,0
10.039999961853027,0
10.045000076293945,0
10.050000190734863,0
10.055000305175781,0
10.0600004196167,0
10.0649995803833,0
10.069999694824219,0
10.074999809265137,0
10.079999923706055,0
10.085000038146973,0
10.09000015258789,0
10.095000267028809,0
10.100000381469727,0
10.104999542236328,0
