Model,DPO2002B
Firmware Version,1.52

Point Format,Y,
Horizontal Units,S,
Horizontal Scale,1e-05,
Sample Interval,1e-09,
Filter Frequency,7e+07,
Record Length,100000,
Gating,0.0% to 100.0%,0.0% to 100.0%
Probe Attenuation,10,10
Vertical Units,V,V
Vertical Offset,0,0
Vertical Scale,1,1
Label,,
TIME,CH1,CH2
-25.00000e-06,-307.53766745e-03,368.84422600e-03
-24.97500e-06,-307.53766745e-03,368.84422600e-03
-24.95000e-06,-307.53766745e-03,368.84422600e-03
-24.92500e-06,-307.53766745e-03,328.64322141e-03
-24.90000e-06,-227.13565826e-03,368.84422600e-03
-24.87500e-06,-307.53766745e-03,368.84422600e-03
-24.85000e-06,-307.53766745e-03,328.64322141e-03
-24.82500e-06,-307.53766745e-03,368.84422600e-03
-24.80000e-06,-307.53766745e-03,366.33166322e-03
-24.77500e-06,-387.93967664e-03,328.64322141e-03
-24.75000e-06,-312.56279303e-03,368.84422600e-03
-24.72500e-06,-387.93967664e-03,328.64322141e-03
-24.70000e-06,-307.53766745e-03,368.84422600e-03
-24.67500e-06,-307.53766745e-03,368.84422600e-03
-24.65000e-06,-307.53766745e-03,366.33166322e-03
-24.62500e-06,-387.93967664e-03,328.64322141e-03
-24.60000e-06,-307.53766745e-03,328.64322141e-03
-24.57500e-06,-307.53766745e-03,368.84422600e-03
-24.55000e-06,-387.93967664e-03,328.64322141e-03
-24.52500e-06,-387.93967664e-03,328.64322141e-03
-24.50000e-06,-387.93967664e-03,328.64322141e-03
-24.47500e-06,-387.93967664e-03,328.64322141e-03
-24.45000e-06,-387.93967664e-03,328.64322141e-03
-24.42500e-06,-387.93967664e-03,368.84422600e-03
-24.40000e-06,-387.93967664e-03,368.84422600e-03
-24.37500e-06,-387.93967664e-03,366.33166322e-03
-24.35000e-06,-387.93967664e-03,366.33166322e-03
-24.32500e-06,-387.93967664e-03,368.84422600e-03
-24.30000e-06,-387.93967664e-03,368.84422600e-03
-24.27500e-06,-387.93967664e-03,368.84422600e-03
-24.25000e-06,-387.93967664e-03,328.64322141e-03
-24.22500e-06,-468.34168583e-03,368.84422600e-03
-24.20000e-06,-387.93967664e-03,328.64322141e-03
-24.17500e-06,-387.93967664e-03,368.84422600e-03
-24.15000e-06,-392.96480222e-03,328.64322141e-03
-24.12500e-06,-468.34168583e-03,366.33166322e-03
-24.10000e-06,-392.96480222e-03,366.33166322e-03
-24.07500e-06,-392.96480222e-03,368.84422600e-03
-24.05000e-06,-468.34168583e-03,328.64322141e-03
-24.02500e-06,-387.93967664e-03,328.64322141e-03
-24.00000e-06,-468.34168583e-03,368.84422600e-03
-23.97500e-06,-468.34168583e-03,368.84422600e-03
-23.95000e-06,-468.34168583e-03,368.84422600e-03
-23.92500e-06,-468.34168583e-03,368.84422600e-03
-23.90000e-06,-468.34168583e-03,368.84422600e-03
-23.87500e-06,-468.34168583e-03,328.64322141e-03
-23.85000e-06,-468.34168583e-03,328.64322141e-03
-23.82500e-06,-468.34168583e-03,368.84422600e-03
-23.80000e-06,-468.34168583e-03,328.64322141e-03
-23.77500e-06,-473.36681141e-03,366.33166322e-03
-23.75000e-06,-468.34168583e-03,366.33166322e-03
-23.72500e-06,-468.34168583e-03,366.33166322e-03
-23.70000e-06,-392.96480222e-03,328.64322141e-03
-23.67500e-06,-468.34168583e-03,328.64322141e-03
-23.65000e-06,-468.34168583e-03,368.84422600e-03
-23.62500e-06,-468.34168583e-03,328.64322141e-03
-23.60000e-06,-468.34168583e-03,368.84422600e-03
-23.57500e-06,-548.74369502e-03,368.84422600e-03
-23.55000e-06,-548.74369502e-03,368.84422600e-03
-23.52500e-06,-548.74369502e-03,328.64322141e-03
-23.50000e-06,-548.74369502e-03,328.64322141e-03
-23.47500e-06,-468.34168583e-03,368.84422600e-03
-23.45000e-06,-473.36681141e-03,328.64322141e-03
-23.42500e-06,-548.74369502e-03,368.84422600e-03
-23.40000e-06,-468.34168583e-03,368.84422600e-03
-23.37500e-06,-548.74369502e-03,366.33166322e-03
-23.35000e-06,-548.74369502e-03,366.33166322e-03
-23.32500e-06,-548.74369502e-03,328.64322141e-03
-23.30000e-06,-473.36681141e-03,368.84422600e-03
-23.27500e-06,-473.36681141e-03,368.84422600e-03
-23.25000e-06,-473.36681141e-03,368.84422600e-03
-23.22500e-06,-548.74369502e-03,328.64322141e-03
-23.20000e-06,-468.34168583e-03,368.84422600e-03
-23.17500e-06,-548.74369502e-03,368.84422600e-03
-23.15000e-06,-468.34168583e-03,366.33166322e-03
-23.12500e-06,-548.74369502e-03,328.64322141e-03
-23.10000e-06,-473.36681141e-03,328.64322141e-03
-23.07500e-06,-473.36681141e-03,328.64322141e-03
-23.05000e-06,-548.74369502e-03,368.84422600e-03
-23.02500e-06,-473.36681141e-03,368.84422600e-03
-23.00000e-06,-548.74369502e-03,368.84422600e-03
-22.97500e-06,-468.34168583e-03,368.84422600e-03
-22.95000e-06,-548.74369502e-03,366.33166322e-03
-22.92500e-06,-468.34168583e-03,368.84422600e-03
-22.90000e-06,-468.34168583e-03,368.84422600e-03
-22.87500e-06,-468.34168583e-03,328.64322141e-03
-22.85000e-06,-548.74369502e-03,328.64322141e-03
-22.82500e-06,-548.74369502e-03,328.64322141e-03
-22.80000e-06,-548.74369502e-03,368.84422600e-03
-22.77500e-06,-548.74369502e-03,368.84422600e-03
-22.75000e-06,-548.74369502e-03,366.33166322e-03
-22.72500e-06,-468.34168583e-03,328.64322141e-03
-22.70000e-06,-468.34168583e-03,366.33166322e-03
-22.67500e-06,-548.74369502e-03,328.64322141e-03
-22.65000e-06,-548.74369502e-03,368.84422600e-03
-22.62500e-06,-473.36681141e-03,328.64322141e-03
-22.60000e-06,-468.34168583e-03,368.84422600e-03
-22.57500e-06,-548.74369502e-03,366.33166322e-03
-22.55000e-06,-473.36681141e-03,368.84422600e-03
-22.52500e-06,-548.74369502e-03,328.64322141e-03
-22.50000e-06,-473.36681141e-03,328.64322141e-03
-22.47500e-06,-468.34168583e-03,328.64322141e-03
-22.45000e-06,-468.34168583e-03,368.84422600e-03
-22.42500e-06,-468.34168583e-03,368.84422600e-03
-22.40000e-06,-468.34168583e-03,368.84422600e-03
-22.37500e-06,-468.34168583e-03,368.84422600e-03
-22.35000e-06,-468.34168583e-03,366.33166322e-03
-22.32500e-06,-468.34168583e-03,328.64322141e-03
-22.30000e-06,-392.96480222e-03,328.64322141e-03
-22.27500e-06,-468.34168583e-03,368.84422600e-03
-22.25000e-06,-468.34168583e-03,328.64322141e-03
-22.22500e-06,-468.34168583e-03,328.64322141e-03
-22.20000e-06,-392.96480222e-03,368.84422600e-03
-22.17500e-06,-468.34168583e-03,328.64322141e-03
-22.15000e-06,-468.34168583e-03,368.84422600e-03
-22.12500e-06,-468.34168583e-03,368.84422600e-03
-22.10000e-06,-392.96480222e-03,366.33166322e-03
-22.07500e-06,-468.34168583e-03,328.64322141e-03
-22.05000e-06,-468.34168583e-03,366.33166322e-03
-22.02500e-06,-392.96480222e-03,328.64322141e-03
-22.00000e-06,-387.93967664e-03,328.64322141e-03
-21.97500e-06,-387.93967664e-03,366.33166322e-03
-21.95000e-06,-468.34168583e-03,328.64322141e-03
-21.92500e-06,-387.93967664e-03,328.64322141e-03
-21.90000e-06,-312.56279303e-03,366.33166322e-03
-21.87500e-06,-468.34168583e-03,328.64322141e-03
-21.85000e-06,-387.93967664e-03,368.84422600e-03
-21.82500e-06,-387.93967664e-03,368.84422600e-03
-21.80000e-06,-387.93967664e-03,366.33166322e-03
-21.77500e-06,-392.96480222e-03,368.84422600e-03
-21.75000e-06,-387.93967664e-03,368.84422600e-03
-21.72500e-06,-387.93967664e-03,328.64322141e-03
-21.70000e-06,-387.93967664e-03,368.84422600e-03
-21.67500e-06,-387.93967664e-03,368.84422600e-03
-21.65000e-06,-387.93967664e-03,366.33166322e-03
-21.62500e-06,-387.93967664e-03,368.84422600e-03
-21.60000e-06,-387.93967664e-03,368.84422600e-03
-21.57500e-06,-387.93967664e-03,368.84422600e-03
-21.55000e-06,-387.93967664e-03,328.64322141e-03
-21.52500e-06,-387.93967664e-03,368.84422600e-03
-21.50000e-06,-307.53766745e-03,328.64322141e-03
-21.47500e-06,-307.53766745e-03,328.64322141e-03
-21.45000e-06,-387.93967664e-03,328.64322141e-03
-21.42500e-06,-307.53766745e-03,366.33166322e-03
-21.40000e-06,-307.53766745e-03,366.33166322e-03
-21.37500e-06,-312.56279303e-03,368.84422600e-03
-21.35000e-06,-307.53766745e-03,328.64322141e-03
-21.32500e-06,-307.53766745e-03,368.84422600e-03
-21.30000e-06,-307.53766745e-03,368.84422600e-03
-21.27500e-06,-307.53766745e-03,328.64322141e-03
-21.25000e-06,-307.53766745e-03,328.64322141e-03
-21.22500e-06,-307.53766745e-03,368.84422600e-03
-21.20000e-06,-307.53766745e-03,368.84422600e-03
-21.17500e-06,-232.16078384e-03,368.84422600e-03
-21.15000e-06,-227.13565826e-03,328.64322141e-03
-21.12500e-06,-307.53766745e-03,328.64322141e-03
-21.10000e-06,-232.16078384e-03,368.84422600e-03
-21.07500e-06,-307.53766745e-03,368.84422600e-03
-21.05000e-06,-232.16078384e-03,368.84422600e-03
-21.02500e-06,-227.13565826e-03,328.64322141e-03
-21.00000e-06,-227.13565826e-03,328.64322141e-03
-20.97500e-06,-227.13565826e-03,368.84422600e-03
-20.95000e-06,-227.13565826e-03,366.33166322e-03
-20.92500e-06,-227.13565826e-03,328.64322141e-03
-20.90000e-06,-227.13565826e-03,368.84422600e-03
-20.87500e-06,-227.13565826e-03,368.84422600e-03
-20.85000e-06,-227.13565826e-03,328.64322141e-03
-20.82500e-06,-146.73364908e-03,328.64322141e-03
-20.80000e-06,-146.73364908e-03,368.84422600e-03
-20.77500e-06,-146.73364908e-03,368.84422600e-03
-20.75000e-06,-227.13565826e-03,366.33166322e-03
-20.72500e-06,-146.73364908e-03,328.64322141e-03
-20.70000e-06,-71.35676546e-03,328.64322141e-03
-20.67500e-06,-146.73364908e-03,328.64322141e-03
-20.65000e-06,-146.73364908e-03,368.84422600e-03
-20.62500e-06,-146.73364908e-03,328.64322141e-03
-20.60000e-06,-71.35676546e-03,368.84422600e-03
-20.57500e-06,-66.33163989e-03,366.33166322e-03
-20.55000e-06,-71.35676546e-03,366.33166322e-03
-20.52500e-06,-66.33163989e-03,328.64322141e-03
-20.50000e-06,-66.33163989e-03,368.84422600e-03
-20.47500e-06,-66.33163989e-03,328.64322141e-03
-20.45000e-06,-66.33163989e-03,328.64322141e-03
-20.42500e-06,-66.33163989e-03,368.84422600e-03
-20.40000e-06,-66.33163989e-03,368.84422600e-03
-20.37500e-06,-66.33163989e-03,366.33166322e-03
-20.35000e-06,9.04524373e-03,328.64322141e-03
-20.32500e-06,-66.33163989e-03,368.84422600e-03
-20.30000e-06,14.07036930e-03,366.33166322e-03
-20.27500e-06,14.07036930e-03,368.84422600e-03
-20.25000e-06,14.07036930e-03,368.84422600e-03
-20.22500e-06,14.07036930e-03,366.33166322e-03
-20.20000e-06,-66.33163989e-03,328.64322141e-03
-20.17500e-06,14.07036930e-03,368.84422600e-03
-20.15000e-06,89.44725292e-03,368.84422600e-03
-20.12500e-06,94.47237849e-03,368.84422600e-03
-20.10000e-06,14.07036930e-03,368.84422600e-03
-20.07500e-06,14.07036930e-03,328.64322141e-03
-20.05000e-06,14.07036930e-03,366.33166322e-03
-20.02500e-06,14.07036930e-03,368.84422600e-03
-20.00000e-06,14.07036930e-03,366.33166322e-03
-19.97500e-06,89.44725292e-03,366.33166322e-03
-19.95000e-06,94.47237849e-03,368.84422600e-03
-19.92500e-06,94.47237849e-03,328.64322141e-03
-19.90000e-06,94.47237849e-03,368.84422600e-03
-19.87500e-06,94.47237849e-03,328.64322141e-03
-19.85000e-06,89.44725292e-03,368.84422600e-03
-19.82500e-06,94.47237849e-03,368.84422600e-03
-19.80000e-06,94.47237849e-03,368.84422600e-03
-19.77500e-06,94.47237849e-03,368.84422600e-03
-19.75000e-06,94.47237849e-03,368.84422600e-03
-19.72500e-06,174.87438768e-03,328.64322141e-03
-19.70000e-06,250.25127130e-03,368.84422600e-03
-19.67500e-06,174.87438768e-03,368.84422600e-03
-19.65000e-06,174.87438768e-03,368.84422600e-03
-19.62500e-06,174.87438768e-03,328.64322141e-03
-19.60000e-06,174.87438768e-03,328.64322141e-03
-19.57500e-06,174.87438768e-03,328.64322141e-03
-19.55000e-06,174.87438768e-03,328.64322141e-03
-19.52500e-06,174.87438768e-03,368.84422600e-03
-19.50000e-06,255.27639687e-03,368.84422600e-03
-19.47500e-06,255.27639687e-03,328.64322141e-03
-19.45000e-06,255.27639687e-03,328.64322141e-03
-19.42500e-06,255.27639687e-03,328.64322141e-03
-19.40000e-06,255.27639687e-03,368.84422600e-03
-19.37500e-06,255.27639687e-03,366.33166322e-03
-19.35000e-06,255.27639687e-03,368.84422600e-03
-19.32500e-06,255.27639687e-03,328.64322141e-03
-19.30000e-06,330.65328049e-03,368.84422600e-03
-19.27500e-06,335.67840606e-03,368.84422600e-03
-19.25000e-06,255.27639687e-03,366.33166322e-03
-19.22500e-06,335.67840606e-03,368.84422600e-03
-19.20000e-06,335.67840606e-03,368.84422600e-03
-19.17500e-06,330.65328049e-03,366.33166322e-03
-19.15000e-06,335.67840606e-03,368.84422600e-03
-19.12500e-06,335.67840606e-03,328.64322141e-03
-19.10000e-06,335.67840606e-03,328.64322141e-03
-19.07500e-06,335.67840606e-03,328.64322141e-03
-19.05000e-06,416.08041525e-03,368.84422600e-03
-19.02500e-06,335.67840606e-03,368.84422600e-03
-19.00000e-06,416.08041525e-03,328.64322141e-03
-18.97500e-06,416.08041525e-03,328.64322141e-03
-18.95000e-06,335.67840606e-03,328.64322141e-03
-18.92500e-06,416.08041525e-03,328.64322141e-03
-18.90000e-06,416.08041525e-03,366.33166322e-03
-18.87500e-06,416.08041525e-03,328.64322141e-03
-18.85000e-06,416.08041525e-03,366.33166322e-03
-18.82500e-06,416.08041525e-03,328.64322141e-03
-18.80000e-06,416.08041525e-03,328.64322141e-03
-18.77500e-06,496.48242444e-03,368.84422600e-03
-18.75000e-06,496.48242444e-03,328.64322141e-03
-18.72500e-06,571.85930805e-03,328.64322141e-03
-18.70000e-06,571.85930805e-03,328.64322141e-03
-18.67500e-06,496.48242444e-03,328.64322141e-03
-18.65000e-06,491.45729886e-03,366.33166322e-03
-18.62500e-06,491.45729886e-03,328.64322141e-03
-18.60000e-06,496.48242444e-03,368.84422600e-03
-18.57500e-06,496.48242444e-03,368.84422600e-03
-18.55000e-06,496.48242444e-03,366.33166322e-03
-18.52500e-06,496.48242444e-03,328.64322141e-03
-18.50000e-06,571.85930805e-03,368.84422600e-03
-18.47500e-06,576.88443363e-03,368.84422600e-03
-18.45000e-06,576.88443363e-03,368.84422600e-03
-18.42500e-06,496.48242444e-03,328.64322141e-03
-18.40000e-06,576.88443363e-03,368.84422600e-03
-18.37500e-06,496.48242444e-03,328.64322141e-03
-18.35000e-06,576.88443363e-03,328.64322141e-03
-18.32500e-06,576.88443363e-03,328.64322141e-03
-18.30000e-06,652.26131724e-03,328.64322141e-03
-18.27500e-06,652.26131724e-03,328.64322141e-03
-18.25000e-06,576.88443363e-03,368.84422600e-03
-18.22500e-06,576.88443363e-03,368.84422600e-03
-18.20000e-06,576.88443363e-03,328.64322141e-03
-18.17500e-06,576.88443363e-03,368.84422600e-03
-18.15000e-06,657.28644282e-03,328.64322141e-03
-18.12500e-06,657.28644282e-03,368.84422600e-03
-18.10000e-06,732.66332643e-03,368.84422600e-03
-18.07500e-06,657.28644282e-03,328.64322141e-03
-18.05000e-06,657.28644282e-03,328.64322141e-03
-18.02500e-06,657.28644282e-03,368.84422600e-03
-18.00000e-06,737.68845201e-03,368.84422600e-03
-17.97500e-06,657.28644282e-03,368.84422600e-03
-17.95000e-06,737.68845201e-03,328.64322141e-03
-17.92500e-06,657.28644282e-03,328.64322141e-03
-17.90000e-06,737.68845201e-03,368.84422600e-03
-17.87500e-06,657.28644282e-03,368.84422600e-03
-17.85000e-06,737.68845201e-03,328.64322141e-03
-17.82500e-06,737.68845201e-03,328.64322141e-03
-17.80000e-06,737.68845201e-03,368.84422600e-03
-17.77500e-06,737.68845201e-03,368.84422600e-03
-17.75000e-06,737.68845201e-03,328.64322141e-03
-17.72500e-06,737.68845201e-03,328.64322141e-03
-17.70000e-06,818.09046119e-03,328.64322141e-03
-17.67500e-06,737.68845201e-03,368.84422600e-03
-17.65000e-06,737.68845201e-03,366.33166322e-03
-17.62500e-06,737.68845201e-03,328.64322141e-03
-17.60000e-06,813.06533562e-03,368.84422600e-03
-17.57500e-06,818.09046119e-03,368.84422600e-03
-17.55000e-06,737.68845201e-03,366.33166322e-03
-17.52500e-06,818.09046119e-03,366.33166322e-03
-17.50000e-06,818.09046119e-03,368.84422600e-03
-17.47500e-06,818.09046119e-03,328.64322141e-03
-17.45000e-06,818.09046119e-03,368.84422600e-03
-17.42500e-06,818.09046119e-03,328.64322141e-03
-17.40000e-06,818.09046119e-03,368.84422600e-03
-17.37500e-06,898.49247038e-03,368.84422600e-03
-17.35000e-06,898.49247038e-03,368.84422600e-03
-17.32500e-06,898.49247038e-03,328.64322141e-03
-17.30000e-06,898.49247038e-03,328.64322141e-03
-17.27500e-06,898.49247038e-03,328.64322141e-03
-17.25000e-06,898.49247038e-03,368.84422600e-03
-17.22500e-06,898.49247038e-03,368.84422600e-03
-17.20000e-06,898.49247038e-03,366.33166322e-03
-17.17500e-06,898.49247038e-03,366.33166322e-03
-17.15000e-06,898.49247038e-03,328.64322141e-03
-17.12500e-06,898.49247038e-03,328.64322141e-03
-17.10000e-06,973.86935400e-03,368.84422600e-03
-17.07500e-06,898.49247038e-03,368.84422600e-03
-17.05000e-06,898.49247038e-03,328.64322141e-03
-17.02500e-06,898.49247038e-03,328.64322141e-03
-17.00000e-06,898.49247038e-03,366.33166322e-03
-16.97500e-06,978.89447957e-03,328.64322141e-03
-16.95000e-06,898.49247038e-03,366.33166322e-03
-16.92500e-06,978.89447957e-03,328.64322141e-03
-16.90000e-06,978.89447957e-03,366.33166322e-03
-16.87500e-06,898.49247038e-03,328.64322141e-03
-16.85000e-06,978.89447957e-03,328.64322141e-03
-16.82500e-06,978.89447957e-03,328.64322141e-03
-16.80000e-06,978.89447957e-03,368.84422600e-03
-16.77500e-06,978.89447957e-03,368.84422600e-03
-16.75000e-06,978.89447957e-03,366.33166322e-03
-16.72500e-06,978.89447957e-03,328.64322141e-03
-16.70000e-06,978.89447957e-03,368.84422600e-03
-16.67500e-06,978.89447957e-03,368.84422600e-03
-16.65000e-06,978.89447957e-03,328.64322141e-03
-16.62500e-06,978.89447957e-03,368.84422600e-03
-16.60000e-06,978.89447957e-03,328.64322141e-03
-16.57500e-06,978.89447957e-03,368.84422600e-03
-16.55000e-06,978.89447957e-03,328.64322141e-03
-16.52500e-06,1.05929648876e00,368.84422600e-03
-16.50000e-06,1.05929648876e00,328.64322141e-03
-16.47500e-06,978.89447957e-03,328.64322141e-03
-16.45000e-06,978.89447957e-03,368.84422600e-03
-16.42500e-06,1.05929648876e00,328.64322141e-03
-16.40000e-06,978.89447957e-03,328.64322141e-03
-16.37500e-06,1.05929648876e00,328.64322141e-03
-16.35000e-06,1.05427136319e00,328.64322141e-03
-16.32500e-06,1.05929648876e00,328.64322141e-03
-16.30000e-06,1.13467337238e00,366.33166322e-03
-16.27500e-06,1.05929648876e00,366.33166322e-03
-16.25000e-06,1.05929648876e00,328.64322141e-03
-16.22500e-06,1.05929648876e00,328.64322141e-03
-16.20000e-06,1.05929648876e00,368.84422600e-03
-16.17500e-06,1.05929648876e00,366.33166322e-03
-16.15000e-06,1.05929648876e00,366.33166322e-03
-16.12500e-06,978.89447957e-03,328.64322141e-03
-16.10000e-06,1.05929648876e00,366.33166322e-03
-16.07500e-06,1.05929648876e00,328.64322141e-03
-16.05000e-06,1.05929648876e00,328.64322141e-03
-16.02500e-06,1.05929648876e00,328.64322141e-03
-16.00000e-06,1.05929648876e00,368.84422600e-03
-15.97500e-06,1.05929648876e00,366.33166322e-03
-15.95000e-06,1.05929648876e00,368.84422600e-03
-15.92500e-06,1.05929648876e00,328.64322141e-03
-15.90000e-06,1.05929648876e00,366.33166322e-03
-15.87500e-06,1.05929648876e00,366.33166322e-03
-15.85000e-06,1.13467337238e00,328.64322141e-03
-15.82500e-06,1.05929648876e00,368.84422600e-03
-15.80000e-06,1.05929648876e00,328.64322141e-03
-15.77500e-06,1.05929648876e00,328.64322141e-03
-15.75000e-06,1.05929648876e00,328.64322141e-03
-15.72500e-06,1.05929648876e00,366.33166322e-03
-15.70000e-06,1.13467337238e00,368.84422600e-03
-15.67500e-06,1.13969849795e00,368.84422600e-03
-15.65000e-06,1.05929648876e00,368.84422600e-03
-15.62500e-06,1.05929648876e00,328.64322141e-03
-15.60000e-06,1.13467337238e00,366.33166322e-03
-15.57500e-06,1.05929648876e00,368.84422600e-03
-15.55000e-06,1.05929648876e00,366.33166322e-03
-15.52500e-06,1.05929648876e00,328.64322141e-03
-15.50000e-06,1.13467337238e00,366.33166322e-03
-15.47500e-06,1.13467337238e00,368.84422600e-03
-15.45000e-06,1.13467337238e00,368.84422600e-03
-15.42500e-06,1.05929648876e00,368.84422600e-03
-15.40000e-06,1.13467337238e00,328.64322141e-03
-15.37500e-06,1.13467337238e00,366.33166322e-03
-15.35000e-06,1.05929648876e00,328.64322141e-03
-15.32500e-06,1.05929648876e00,328.64322141e-03
-15.30000e-06,1.13467337238e00,366.33166322e-03
-15.27500e-06,1.05929648876e00,328.64322141e-03
-15.25000e-06,1.05929648876e00,328.64322141e-03
-15.22500e-06,1.05929648876e00,368.84422600e-03
-15.20000e-06,1.05929648876e00,368.84422600e-03
-15.17500e-06,1.05929648876e00,328.64322141e-03
-15.15000e-06,1.05929648876e00,366.33166322e-03
-15.12500e-06,1.05929648876e00,368.84422600e-03
-15.10000e-06,1.13467337238e00,328.64322141e-03
-15.07500e-06,1.05929648876e00,328.64322141e-03
-15.05000e-06,1.05929648876e00,366.33166322e-03
-15.02500e-06,1.05929648876e00,368.84422600e-03
-15.00000e-06,1.05929648876e00,328.64322141e-03
-14.97500e-06,1.05929648876e00,368.84422600e-03
-14.95000e-06,1.05929648876e00,368.84422600e-03
-14.92500e-06,1.05929648876e00,368.84422600e-03
-14.90000e-06,1.13467337238e00,368.84422600e-03
-14.87500e-06,1.13467337238e00,366.33166322e-03
-14.85000e-06,1.13969849795e00,328.64322141e-03
-14.82500e-06,1.05929648876e00,328.64322141e-03
-14.80000e-06,1.13467337238e00,368.84422600e-03
-14.77500e-06,1.05929648876e00,368.84422600e-03
-14.75000e-06,1.05929648876e00,368.84422600e-03
-14.72500e-06,1.05929648876e00,368.84422600e-03
-14.70000e-06,1.05929648876e00,366.33166322e-03
-14.67500e-06,1.05929648876e00,328.64322141e-03
-14.65000e-06,1.05929648876e00,366.33166322e-03
-14.62500e-06,1.05929648876e00,368.84422600e-03
-14.60000e-06,1.05929648876e00,366.33166322e-03
-14.57500e-06,1.05929648876e00,328.64322141e-03
-14.55000e-06,1.05929648876e00,368.84422600e-03
-14.52500e-06,978.89447957e-03,328.64322141e-03
-14.50000e-06,1.05929648876e00,328.64322141e-03
-14.47500e-06,1.05929648876e00,368.84422600e-03
-14.45000e-06,978.89447957e-03,368.84422600e-03
-14.42500e-06,1.05929648876e00,328.64322141e-03
-14.40000e-06,1.05427136319e00,366.33166322e-03
-14.37500e-06,978.89447957e-03,328.64322141e-03
-14.35000e-06,1.05427136319e00,328.64322141e-03
-14.32500e-06,1.05929648876e00,328.64322141e-03
-14.30000e-06,1.05427136319e00,368.84422600e-03
-14.27500e-06,1.05427136319e00,328.64322141e-03
-14.25000e-06,978.89447957e-03,368.84422600e-03
-14.22500e-06,978.89447957e-03,328.64322141e-03
-14.20000e-06,978.89447957e-03,328.64322141e-03
-14.17500e-06,978.89447957e-03,366.33166322e-03
-14.15000e-06,978.89447957e-03,328.64322141e-03
-14.12500e-06,1.05929648876e00,328.64322141e-03
-14.10000e-06,1.05427136319e00,328.64322141e-03
-14.07500e-06,978.89447957e-03,368.84422600e-03
-14.05000e-06,978.89447957e-03,368.84422600e-03
-14.02500e-06,978.89447957e-03,328.64322141e-03
-14.00000e-06,1.05427136319e00,368.84422600e-03
-13.97500e-06,978.89447957e-03,368.84422600e-03
-13.95000e-06,978.89447957e-03,366.33166322e-03
-13.92500e-06,978.89447957e-03,366.33166322e-03
-13.90000e-06,978.89447957e-03,366.33166322e-03
-13.87500e-06,898.49247038e-03,328.64322141e-03
-13.85000e-06,978.89447957e-03,328.64322141e-03
-13.82500e-06,898.49247038e-03,328.64322141e-03
-13.80000e-06,973.86935400e-03,368.84422600e-03
-13.77500e-06,973.86935400e-03,368.84422600e-03
-13.75000e-06,978.89447957e-03,368.84422600e-03
-13.72500e-06,978.89447957e-03,328.64322141e-03
-13.70000e-06,973.86935400e-03,366.33166322e-03
-13.67500e-06,898.49247038e-03,328.64322141e-03
-13.65000e-06,898.49247038e-03,368.84422600e-03
-13.62500e-06,898.49247038e-03,368.84422600e-03
-13.60000e-06,898.49247038e-03,368.84422600e-03
-13.57500e-06,898.49247038e-03,328.64322141e-03
-13.55000e-06,898.49247038e-03,366.33166322e-03
-13.52500e-06,898.49247038e-03,328.64322141e-03
-13.50000e-06,898.49247038e-03,328.64322141e-03
-13.47500e-06,898.49247038e-03,368.84422600e-03
-13.45000e-06,898.49247038e-03,328.64322141e-03
-13.42500e-06,898.49247038e-03,368.84422600e-03
-13.40000e-06,893.46734481e-03,368.84422600e-03
-13.37500e-06,818.09046119e-03,368.84422600e-03
-13.35000e-06,898.49247038e-03,366.33166322e-03
-13.32500e-06,818.09046119e-03,328.64322141e-03
-13.30000e-06,893.46734481e-03,328.64322141e-03
-13.27500e-06,818.09046119e-03,366.33166322e-03
-13.25000e-06,818.09046119e-03,368.84422600e-03
-13.22500e-06,818.09046119e-03,368.84422600e-03
-13.20000e-06,818.09046119e-03,328.64322141e-03
-13.17500e-06,818.09046119e-03,368.84422600e-03
-13.15000e-06,818.09046119e-03,366.33166322e-03
-13.12500e-06,737.68845201e-03,328.64322141e-03
-13.10000e-06,818.09046119e-03,366.33166322e-03
-13.07500e-06,818.09046119e-03,328.64322141e-03
-13.05000e-06,737.68845201e-03,368.84422600e-03
-13.02500e-06,818.09046119e-03,328.64322141e-03
-13.00000e-06,813.06533562e-03,368.84422600e-03
-12.97500e-06,737.68845201e-03,328.64322141e-03
-12.95000e-06,737.68845201e-03,366.33166322e-03
-12.92500e-06,737.68845201e-03,328.64322141e-03
-12.90000e-06,737.68845201e-03,368.84422600e-03
-12.87500e-06,737.68845201e-03,328.64322141e-03
-12.85000e-06,737.68845201e-03,368.84422600e-03
-12.82500e-06,737.68845201e-03,328.64322141e-03
-12.80000e-06,737.68845201e-03,368.84422600e-03
-12.77500e-06,657.28644282e-03,328.64322141e-03
-12.75000e-06,737.68845201e-03,366.33166322e-03
-12.72500e-06,737.68845201e-03,328.64322141e-03
-12.70000e-06,732.66332643e-03,368.84422600e-03
-12.67500e-06,732.66332643e-03,328.64322141e-03
-12.65000e-06,737.68845201e-03,328.64322141e-03
-12.62500e-06,657.28644282e-03,328.64322141e-03
-12.60000e-06,657.28644282e-03,368.84422600e-03
-12.57500e-06,657.28644282e-03,368.84422600e-03
-12.55000e-06,657.28644282e-03,328.64322141e-03
-12.52500e-06,657.28644282e-03,368.84422600e-03
-12.50000e-06,657.28644282e-03,328.64322141e-03
-12.47500e-06,576.88443363e-03,328.64322141e-03
-12.45000e-06,576.88443363e-03,366.33166322e-03
-12.42500e-06,657.28644282e-03,368.84422600e-03
-12.40000e-06,652.26131724e-03,368.84422600e-03
-12.37500e-06,576.88443363e-03,368.84422600e-03
-12.35000e-06,657.28644282e-03,328.64322141e-03
-12.32500e-06,576.88443363e-03,328.64322141e-03
-12.30000e-06,652.26131724e-03,368.84422600e-03
-12.27500e-06,576.88443363e-03,328.64322141e-03
-12.25000e-06,576.88443363e-03,366.33166322e-03
-12.22500e-06,576.88443363e-03,368.84422600e-03
-12.20000e-06,571.85930805e-03,328.64322141e-03
-12.17500e-06,496.48242444e-03,368.84422600e-03
-12.15000e-06,496.48242444e-03,328.64322141e-03
-12.12500e-06,496.48242444e-03,366.33166322e-03
-12.10000e-06,576.88443363e-03,368.84422600e-03
-12.07500e-06,496.48242444e-03,328.64322141e-03
-12.05000e-06,496.48242444e-03,368.84422600e-03
-12.02500e-06,496.48242444e-03,328.64322141e-03
-12.00000e-06,496.48242444e-03,368.84422600e-03
-11.97500e-06,496.48242444e-03,368.84422600e-03
-11.95000e-06,496.48242444e-03,366.33166322e-03
-11.92500e-06,496.48242444e-03,328.64322141e-03
-11.90000e-06,496.48242444e-03,366.33166322e-03
-11.87500e-06,496.48242444e-03,368.84422600e-03
-11.85000e-06,416.08041525e-03,328.64322141e-03
-11.82500e-06,491.45729886e-03,368.84422600e-03
-11.80000e-06,416.08041525e-03,368.84422600e-03
-11.77500e-06,416.08041525e-03,328.64322141e-03
-11.75000e-06,416.08041525e-03,368.84422600e-03
-11.72500e-06,416.08041525e-03,328.64322141e-03
-11.70000e-06,416.08041525e-03,366.33166322e-03
-11.67500e-06,416.08041525e-03,328.64322141e-03
-11.65000e-06,416.08041525e-03,366.33166322e-03
-11.62500e-06,335.67840606e-03,368.84422600e-03
-11.60000e-06,411.05528967e-03,368.84422600e-03
-11.57500e-06,416.08041525e-03,328.64322141e-03
-11.55000e-06,335.67840606e-03,366.33166322e-03
-11.52500e-06,335.67840606e-03,328.64322141e-03
-11.50000e-06,335.67840606e-03,368.84422600e-03
-11.47500e-06,335.67840606e-03,368.84422600e-03
-11.45000e-06,335.67840606e-03,368.84422600e-03
-11.42500e-06,335.67840606e-03,368.84422600e-03
-11.40000e-06,330.65328049e-03,368.84422600e-03
-11.37500e-06,255.27639687e-03,368.84422600e-03
-11.35000e-06,330.65328049e-03,328.64322141e-03
-11.32500e-06,255.27639687e-03,328.64322141e-03
-11.30000e-06,330.65328049e-03,328.64322141e-03
-11.27500e-06,255.27639687e-03,368.84422600e-03
-11.25000e-06,330.65328049e-03,368.84422600e-03
-11.22500e-06,255.27639687e-03,328.64322141e-03
-11.20000e-06,255.27639687e-03,368.84422600e-03
-11.17500e-06,255.27639687e-03,368.84422600e-03
-11.15000e-06,255.27639687e-03,328.64322141e-03
-11.12500e-06,174.87438768e-03,328.64322141e-03
-11.10000e-06,255.27639687e-03,328.64322141e-03
-11.07500e-06,174.87438768e-03,328.64322141e-03
-11.05000e-06,174.87438768e-03,368.84422600e-03
-11.02500e-06,174.87438768e-03,328.64322141e-03
-11.00000e-06,174.87438768e-03,368.84422600e-03
-10.97500e-06,250.25127130e-03,368.84422600e-03
-10.95000e-06,174.87438768e-03,368.84422600e-03
-10.92500e-06,94.47237849e-03,328.64322141e-03
-10.90000e-06,174.87438768e-03,328.64322141e-03
-10.87500e-06,174.87438768e-03,328.64322141e-03
-10.85000e-06,174.87438768e-03,328.64322141e-03
-10.82500e-06,94.47237849e-03,328.64322141e-03
-10.80000e-06,169.84926211e-03,366.33166322e-03
-10.77500e-06,174.87438768e-03,328.64322141e-03
-10.75000e-06,94.47237849e-03,368.84422600e-03
-10.72500e-06,94.47237849e-03,366.33166322e-03
-10.70000e-06,169.84926211e-03,368.84422600e-03
-10.67500e-06,94.47237849e-03,328.64322141e-03
-10.65000e-06,94.47237849e-03,368.84422600e-03
-10.62500e-06,14.07036930e-03,368.84422600e-03
-10.60000e-06,94.47237849e-03,368.84422600e-03
-10.57500e-06,89.44725292e-03,328.64322141e-03
-10.55000e-06,94.47237849e-03,328.64322141e-03
-10.52500e-06,14.07036930e-03,328.64322141e-03
-10.50000e-06,14.07036930e-03,328.64322141e-03
-10.47500e-06,94.47237849e-03,328.64322141e-03
-10.45000e-06,89.44725292e-03,368.84422600e-03
-10.42500e-06,14.07036930e-03,368.84422600e-03
-10.40000e-06,14.07036930e-03,368.84422600e-03
-10.37500e-06,14.07036930e-03,368.84422600e-03
-10.35000e-06,-66.33163989e-03,328.64322141e-03
-10.32500e-06,-66.33163989e-03,366.33166322e-03
-10.30000e-06,14.07036930e-03,366.33166322e-03
-10.27500e-06,14.07036930e-03,368.84422600e-03
-10.25000e-06,14.07036930e-03,368.84422600e-03
-10.22500e-06,-66.33163989e-03,368.84422600e-03
-10.20000e-06,14.07036930e-03,368.84422600e-03
-10.17500e-06,-66.33163989e-03,366.33166322e-03
-10.15000e-06,-66.33163989e-03,328.64322141e-03
-10.12500e-06,-66.33163989e-03,328.64322141e-03
-10.10000e-06,-66.33163989e-03,368.84422600e-03
-10.07500e-06,-66.33163989e-03,368.84422600e-03
-10.05000e-06,-66.33163989e-03,328.64322141e-03
-10.02500e-06,-66.33163989e-03,368.84422600e-03
-10.00000e-06,-66.33163989e-03,328.64322141e-03
-9.97500e-06,-71.35676546e-03,366.33166322e-03
-9.95000e-06,-146.73364908e-03,328.64322141e-03
-9.92500e-06,-66.33163989e-03,328.64322141e-03
-9.90000e-06,-71.35676546e-03,368.84422600e-03
-9.87500e-06,-146.73364908e-03,368.84422600e-03
-9.85000e-06,-66.33163989e-03,368.84422600e-03
-9.82500e-06,-146.73364908e-03,368.84422600e-03
-9.80000e-06,-146.73364908e-03,368.84422600e-03
-9.77500e-06,-146.73364908e-03,368.84422600e-03
-9.75000e-06,-146.73364908e-03,366.33166322e-03
-9.72500e-06,-146.73364908e-03,328.64322141e-03
-9.70000e-06,-146.73364908e-03,328.64322141e-03
-9.67500e-06,-146.73364908e-03,328.64322141e-03
-9.65000e-06,-151.75877465e-03,366.33166322e-03
-9.62500e-06,-146.73364908e-03,366.33166322e-03
-9.60000e-06,-146.73364908e-03,368.84422600e-03
-9.57500e-06,-151.75877465e-03,328.64322141e-03
-9.55000e-06,-227.13565826e-03,368.84422600e-03
-9.52500e-06,-146.73364908e-03,328.64322141e-03
-9.50000e-06,-151.75877465e-03,328.64322141e-03
-9.47500e-06,-227.13565826e-03,328.64322141e-03
-9.45000e-06,-227.13565826e-03,328.64322141e-03
-9.42500e-06,-227.13565826e-03,368.84422600e-03
-9.40000e-06,-227.13565826e-03,366.33166322e-03
-9.37500e-06,-227.13565826e-03,368.84422600e-03
-9.35000e-06,-227.13565826e-03,368.84422600e-03
-9.32500e-06,-227.13565826e-03,328.64322141e-03
-9.30000e-06,-227.13565826e-03,366.33166322e-03
-9.27500e-06,-232.16078384e-03,328.64322141e-03
-9.25000e-06,-227.13565826e-03,366.33166322e-03
-9.22500e-06,-227.13565826e-03,328.64322141e-03
-9.20000e-06,-227.13565826e-03,368.84422600e-03
-9.17500e-06,-307.53766745e-03,368.84422600e-03
-9.15000e-06,-307.53766745e-03,366.33166322e-03
-9.12500e-06,-227.13565826e-03,328.64322141e-03
-9.10000e-06,-227.13565826e-03,366.33166322e-03
-9.07500e-06,-227.13565826e-03,328.64322141e-03
-9.05000e-06,-307.53766745e-03,366.33166322e-03
-9.02500e-06,-232.16078384e-03,368.84422600e-03
-9.00000e-06,-307.53766745e-03,368.84422600e-03
-8.97500e-06,-307.53766745e-03,368.84422600e-03
-8.95000e-06,-307.53766745e-03,328.64322141e-03
-8.92500e-06,-307.53766745e-03,328.64322141e-03
-8.90000e-06,-227.13565826e-03,368.84422600e-03
-8.87500e-06,-307.53766745e-03,328.64322141e-03
-8.85000e-06,-307.53766745e-03,328.64322141e-03
-8.82500e-06,-307.53766745e-03,328.64322141e-03
-8.80000e-06,-307.53766745e-03,328.64322141e-03
-8.77500e-06,-307.53766745e-03,328.64322141e-03
-8.75000e-06,-387.93967664e-03,328.64322141e-03
-8.72500e-06,-387.93967664e-03,328.64322141e-03
-8.70000e-06,-307.53766745e-03,366.33166322e-03
-8.67500e-06,-307.53766745e-03,328.64322141e-03
-8.65000e-06,-387.93967664e-03,328.64322141e-03
-8.62500e-06,-307.53766745e-03,328.64322141e-03
-8.60000e-06,-387.93967664e-03,368.84422600e-03
-8.57500e-06,-312.56279303e-03,368.84422600e-03
-8.55000e-06,-387.93967664e-03,368.84422600e-03
-8.52500e-06,-307.53766745e-03,328.64322141e-03
-8.50000e-06,-312.56279303e-03,368.84422600e-03
-8.47500e-06,-387.93967664e-03,366.33166322e-03
-8.45000e-06,-387.93967664e-03,368.84422600e-03
-8.42500e-06,-307.53766745e-03,328.64322141e-03
-8.40000e-06,-387.93967664e-03,368.84422600e-03
-8.37500e-06,-307.53766745e-03,368.84422600e-03
-8.35000e-06,-387.93967664e-03,366.33166322e-03
-8.32500e-06,-307.53766745e-03,368.84422600e-03
-8.30000e-06,-307.53766745e-03,366.33166322e-03
-8.27500e-06,-387.93967664e-03,328.64322141e-03
-8.25000e-06,-307.53766745e-03,368.84422600e-03
-8.22500e-06,-387.93967664e-03,328.64322141e-03
-8.20000e-06,-387.93967664e-03,368.84422600e-03
-8.17500e-06,-387.93967664e-03,366.33166322e-03
-8.15000e-06,-387.93967664e-03,328.64322141e-03
-8.12500e-06,-387.93967664e-03,328.64322141e-03
-8.10000e-06,-307.53766745e-03,328.64322141e-03
-8.07500e-06,-307.53766745e-03,366.33166322e-03
-8.05000e-06,-312.56279303e-03,368.84422600e-03
-8.02500e-06,-387.93967664e-03,368.84422600e-03
-8.00000e-06,-387.93967664e-03,368.84422600e-03
-7.97500e-06,-387.93967664e-03,368.84422600e-03
-7.95000e-06,-387.93967664e-03,366.33166322e-03
-7.92500e-06,-307.53766745e-03,328.64322141e-03
-7.90000e-06,-387.93967664e-03,366.33166322e-03
-7.87500e-06,-387.93967664e-03,368.84422600e-03
-7.85000e-06,-387.93967664e-03,368.84422600e-03
-7.82500e-06,-387.93967664e-03,368.84422600e-03
-7.80000e-06,-387.93967664e-03,366.33166322e-03
-7.77500e-06,-387.93967664e-03,328.64322141e-03
-7.75000e-06,-387.93967664e-03,368.84422600e-03
-7.72500e-06,-387.93967664e-03,368.84422600e-03
-7.70000e-06,-387.93967664e-03,368.84422600e-03
-7.67500e-06,-387.93967664e-03,368.84422600e-03
-7.65000e-06,-387.93967664e-03,368.84422600e-03
-7.62500e-06,-387.93967664e-03,328.64322141e-03
-7.60000e-06,-387.93967664e-03,368.84422600e-03
-7.57500e-06,-387.93967664e-03,366.33166322e-03
-7.55000e-06,-387.93967664e-03,368.84422600e-03
-7.52500e-06,-387.93967664e-03,328.64322141e-03
-7.50000e-06,-307.53766745e-03,368.84422600e-03
-7.47500e-06,-387.93967664e-03,368.84422600e-03
-7.45000e-06,-387.93967664e-03,328.64322141e-03
-7.42500e-06,-387.93967664e-03,368.84422600e-03
-7.40000e-06,-312.56279303e-03,368.84422600e-03
-7.37500e-06,-387.93967664e-03,328.64322141e-03
-7.35000e-06,-387.93967664e-03,328.64322141e-03
-7.32500e-06,-387.93967664e-03,328.64322141e-03
-7.30000e-06,-312.56279303e-03,366.33166322e-03
-7.27500e-06,-387.93967664e-03,328.64322141e-03
-7.25000e-06,-387.93967664e-03,366.33166322e-03
-7.22500e-06,-312.56279303e-03,328.64322141e-03
-7.20000e-06,-387.93967664e-03,368.84422600e-03
-7.17500e-06,-387.93967664e-03,368.84422600e-03
-7.15000e-06,-387.93967664e-03,328.64322141e-03
-7.12500e-06,-387.93967664e-03,328.64322141e-03
-7.10000e-06,-312.56279303e-03,366.33166322e-03
-7.07500e-06,-307.53766745e-03,368.84422600e-03
-7.05000e-06,-387.93967664e-03,328.64322141e-03
-7.02500e-06,-307.53766745e-03,328.64322141e-03
-7.00000e-06,-312.56279303e-03,328.64322141e-03
-6.97500e-06,-387.93967664e-03,366.33166322e-03
-6.95000e-06,-387.93967664e-03,328.64322141e-03
-6.92500e-06,-387.93967664e-03,368.84422600e-03
-6.90000e-06,-307.53766745e-03,328.64322141e-03
-6.87500e-06,-387.93967664e-03,368.84422600e-03
-6.85000e-06,-387.93967664e-03,366.33166322e-03
-6.82500e-06,-387.93967664e-03,328.64322141e-03
-6.80000e-06,-312.56279303e-03,368.84422600e-03
-6.77500e-06,-312.56279303e-03,368.84422600e-03
-6.75000e-06,-307.53766745e-03,368.84422600e-03
-6.72500e-06,-307.53766745e-03,368.84422600e-03
-6.70000e-06,-307.53766745e-03,366.33166322e-03
-6.67500e-06,-307.53766745e-03,368.84422600e-03
-6.65000e-06,-307.53766745e-03,368.84422600e-03
-6.62500e-06,-307.53766745e-03,368.84422600e-03
-6.60000e-06,-307.53766745e-03,328.64322141e-03
-6.57500e-06,-307.53766745e-03,366.33166322e-03
-6.55000e-06,-307.53766745e-03,366.33166322e-03
-6.52500e-06,-307.53766745e-03,366.33166322e-03
-6.50000e-06,-307.53766745e-03,328.64322141e-03
-6.47500e-06,-307.53766745e-03,368.84422600e-03
-6.45000e-06,-307.53766745e-03,366.33166322e-03
-6.42500e-06,-307.53766745e-03,368.84422600e-03
-6.40000e-06,-307.53766745e-03,368.84422600e-03
-6.37500e-06,-307.53766745e-03,366.33166322e-03
-6.35000e-06,-307.53766745e-03,368.84422600e-03
-6.32500e-06,-307.53766745e-03,328.64322141e-03
-6.30000e-06,-232.16078384e-03,328.64322141e-03
-6.27500e-06,-227.13565826e-03,368.84422600e-03
-6.25000e-06,-232.16078384e-03,366.33166322e-03
-6.22500e-06,-307.53766745e-03,368.84422600e-03
-6.20000e-06,-232.16078384e-03,368.84422600e-03
-6.17500e-06,-232.16078384e-03,366.33166322e-03
-6.15000e-06,-227.13565826e-03,366.33166322e-03
-6.12500e-06,-227.13565826e-03,368.84422600e-03
-6.10000e-06,-227.13565826e-03,366.33166322e-03
-6.07500e-06,-227.13565826e-03,328.64322141e-03
-6.05000e-06,-227.13565826e-03,368.84422600e-03
-6.02500e-06,-307.53766745e-03,328.64322141e-03
-6.00000e-06,-227.13565826e-03,368.84422600e-03
-5.97500e-06,-227.13565826e-03,366.33166322e-03
-5.95000e-06,-227.13565826e-03,366.33166322e-03
-5.92500e-06,-227.13565826e-03,328.64322141e-03
-5.90000e-06,-146.73364908e-03,328.64322141e-03
-5.87500e-06,-227.13565826e-03,328.64322141e-03
-5.85000e-06,-146.73364908e-03,368.84422600e-03
-5.82500e-06,-227.13565826e-03,368.84422600e-03
-5.80000e-06,-227.13565826e-03,328.64322141e-03
-5.77500e-06,-227.13565826e-03,328.64322141e-03
-5.75000e-06,-227.13565826e-03,328.64322141e-03
-5.72500e-06,-146.73364908e-03,328.64322141e-03
-5.70000e-06,-151.75877465e-03,328.64322141e-03
-5.67500e-06,-146.73364908e-03,368.84422600e-03
-5.65000e-06,-146.73364908e-03,366.33166322e-03
-5.62500e-06,-146.73364908e-03,368.84422600e-03
-5.60000e-06,-146.73364908e-03,368.84422600e-03
-5.57500e-06,-146.73364908e-03,366.33166322e-03
-5.55000e-06,-146.73364908e-03,368.84422600e-03
-5.52500e-06,-146.73364908e-03,328.64322141e-03
-5.50000e-06,-146.73364908e-03,328.64322141e-03
-5.47500e-06,-146.73364908e-03,328.64322141e-03
-5.45000e-06,-146.73364908e-03,328.64322141e-03
-5.42500e-06,-66.33163989e-03,368.84422600e-03
-5.40000e-06,-71.35676546e-03,368.84422600e-03
-5.37500e-06,-66.33163989e-03,366.33166322e-03
-5.35000e-06,-66.33163989e-03,368.84422600e-03
-5.32500e-06,-66.33163989e-03,368.84422600e-03
-5.30000e-06,-71.35676546e-03,328.64322141e-03
-5.27500e-06,-66.33163989e-03,368.84422600e-03
-5.25000e-06,-66.33163989e-03,328.64322141e-03
-5.22500e-06,-66.33163989e-03,328.64322141e-03
-5.20000e-06,-66.33163989e-03,328.64322141e-03
-5.17500e-06,-66.33163989e-03,366.33166322e-03
-5.15000e-06,-66.33163989e-03,328.64322141e-03
-5.12500e-06,-66.33163989e-03,368.84422600e-03
-5.10000e-06,9.04524373e-03,368.84422600e-03
-5.07500e-06,9.04524373e-03,368.84422600e-03
-5.05000e-06,-66.33163989e-03,366.33166322e-03
-5.02500e-06,14.07036930e-03,328.64322141e-03
-5.00000e-06,-66.33163989e-03,368.84422600e-03
-4.97500e-06,14.07036930e-03,368.84422600e-03
-4.95000e-06,14.07036930e-03,328.64322141e-03
-4.92500e-06,14.07036930e-03,328.64322141e-03
-4.90000e-06,14.07036930e-03,366.33166322e-03
-4.87500e-06,14.07036930e-03,328.64322141e-03
-4.85000e-06,14.07036930e-03,328.64322141e-03
-4.82500e-06,94.47237849e-03,368.84422600e-03
-4.80000e-06,94.47237849e-03,368.84422600e-03
-4.77500e-06,14.07036930e-03,368.84422600e-03
-4.75000e-06,89.44725292e-03,368.84422600e-03
-4.72500e-06,14.07036930e-03,328.64322141e-03
-4.70000e-06,89.44725292e-03,368.84422600e-03
-4.67500e-06,94.47237849e-03,328.64322141e-03
-4.65000e-06,89.44725292e-03,368.84422600e-03
-4.62500e-06,14.07036930e-03,368.84422600e-03
-4.60000e-06,94.47237849e-03,368.84422600e-03
-4.57500e-06,94.47237849e-03,366.33166322e-03
-4.55000e-06,94.47237849e-03,368.84422600e-03
-4.52500e-06,94.47237849e-03,368.84422600e-03
-4.50000e-06,94.47237849e-03,366.33166322e-03
-4.47500e-06,169.84926211e-03,366.33166322e-03
-4.45000e-06,94.47237849e-03,368.84422600e-03
-4.42500e-06,94.47237849e-03,368.84422600e-03
-4.40000e-06,174.87438768e-03,368.84422600e-03
-4.37500e-06,94.47237849e-03,366.33166322e-03
-4.35000e-06,174.87438768e-03,366.33166322e-03
-4.32500e-06,174.87438768e-03,328.64322141e-03
-4.30000e-06,174.87438768e-03,328.64322141e-03
-4.27500e-06,174.87438768e-03,328.64322141e-03
-4.25000e-06,174.87438768e-03,328.64322141e-03
-4.22500e-06,174.87438768e-03,366.33166322e-03
-4.20000e-06,250.25127130e-03,368.84422600e-03
-4.17500e-06,174.87438768e-03,368.84422600e-03
-4.15000e-06,174.87438768e-03,328.64322141e-03
-4.12500e-06,255.27639687e-03,328.64322141e-03
-4.10000e-06,255.27639687e-03,366.33166322e-03
-4.07500e-06,255.27639687e-03,328.64322141e-03
-4.05000e-06,255.27639687e-03,328.64322141e-03
-4.02500e-06,255.27639687e-03,328.64322141e-03
-4.00000e-06,255.27639687e-03,368.84422600e-03
-3.97500e-06,255.27639687e-03,328.64322141e-03
-3.95000e-06,330.65328049e-03,366.33166322e-03
-3.92500e-06,255.27639687e-03,328.64322141e-03
-3.90000e-06,330.65328049e-03,368.84422600e-03
-3.87500e-06,335.67840606e-03,368.84422600e-03
-3.85000e-06,335.67840606e-03,368.84422600e-03
-3.82500e-06,330.65328049e-03,368.84422600e-03
-3.80000e-06,335.67840606e-03,368.84422600e-03
-3.77500e-06,335.67840606e-03,328.64322141e-03
-3.75000e-06,255.27639687e-03,328.64322141e-03
-3.72500e-06,335.67840606e-03,328.64322141e-03
-3.70000e-06,335.67840606e-03,366.33166322e-03
-3.67500e-06,335.67840606e-03,328.64322141e-03
-3.65000e-06,411.05528967e-03,328.64322141e-03
-3.62500e-06,335.67840606e-03,368.84422600e-03
-3.60000e-06,335.67840606e-03,368.84422600e-03
-3.57500e-06,335.67840606e-03,366.33166322e-03
-3.55000e-06,335.67840606e-03,366.33166322e-03
-3.52500e-06,335.67840606e-03,328.64322141e-03
-3.50000e-06,416.08041525e-03,328.64322141e-03
-3.47500e-06,416.08041525e-03,368.84422600e-03
-3.45000e-06,416.08041525e-03,328.64322141e-03
-3.42500e-06,416.08041525e-03,328.64322141e-03
-3.40000e-06,416.08041525e-03,368.84422600e-03
-3.37500e-06,416.08041525e-03,366.33166322e-03
-3.35000e-06,416.08041525e-03,328.64322141e-03
-3.32500e-06,416.08041525e-03,368.84422600e-03
-3.30000e-06,491.45729886e-03,328.64322141e-03
-3.27500e-06,491.45729886e-03,368.84422600e-03
-3.25000e-06,496.48242444e-03,366.33166322e-03
-3.22500e-06,416.08041525e-03,368.84422600e-03
-3.20000e-06,491.45729886e-03,368.84422600e-03
-3.17500e-06,496.48242444e-03,366.33166322e-03
-3.15000e-06,491.45729886e-03,366.33166322e-03
-3.12500e-06,496.48242444e-03,368.84422600e-03
-3.10000e-06,496.48242444e-03,328.64322141e-03
-3.07500e-06,496.48242444e-03,328.64322141e-03
-3.05000e-06,496.48242444e-03,366.33166322e-03
-3.02500e-06,496.48242444e-03,366.33166322e-03
-3.00000e-06,576.88443363e-03,368.84422600e-03
-2.97500e-06,496.48242444e-03,328.64322141e-03
-2.95000e-06,496.48242444e-03,328.64322141e-03
-2.92500e-06,576.88443363e-03,328.64322141e-03
-2.90000e-06,576.88443363e-03,368.84422600e-03
-2.87500e-06,576.88443363e-03,368.84422600e-03
-2.85000e-06,571.85930805e-03,368.84422600e-03
-2.82500e-06,576.88443363e-03,328.64322141e-03
-2.80000e-06,571.85930805e-03,368.84422600e-03
-2.77500e-06,496.48242444e-03,366.33166322e-03
-2.75000e-06,576.88443363e-03,366.33166322e-03
-2.72500e-06,652.26131724e-03,328.64322141e-03
-2.70000e-06,576.88443363e-03,366.33166322e-03
-2.67500e-06,576.88443363e-03,368.84422600e-03
-2.65000e-06,657.28644282e-03,366.33166322e-03
-2.62500e-06,576.88443363e-03,328.64322141e-03
-2.60000e-06,652.26131724e-03,368.84422600e-03
-2.57500e-06,652.26131724e-03,328.64322141e-03
-2.55000e-06,576.88443363e-03,328.64322141e-03
-2.52500e-06,657.28644282e-03,368.84422600e-03
-2.50000e-06,732.66332643e-03,368.84422600e-03
-2.47500e-06,657.28644282e-03,328.64322141e-03
-2.45000e-06,657.28644282e-03,328.64322141e-03
-2.42500e-06,657.28644282e-03,368.84422600e-03
-2.40000e-06,657.28644282e-03,366.33166322e-03
-2.37500e-06,657.28644282e-03,368.84422600e-03
-2.35000e-06,657.28644282e-03,368.84422600e-03
-2.32500e-06,657.28644282e-03,368.84422600e-03
-2.30000e-06,737.68845201e-03,366.33166322e-03
-2.27500e-06,737.68845201e-03,328.64322141e-03
-2.25000e-06,737.68845201e-03,368.84422600e-03
-2.22500e-06,657.28644282e-03,368.84422600e-03
-2.20000e-06,737.68845201e-03,366.33166322e-03
-2.17500e-06,737.68845201e-03,368.84422600e-03
-2.15000e-06,737.68845201e-03,328.64322141e-03
-2.12500e-06,737.68845201e-03,368.84422600e-03
-2.10000e-06,737.68845201e-03,328.64322141e-03
-2.07500e-06,737.68845201e-03,328.64322141e-03
-2.05000e-06,737.68845201e-03,368.84422600e-03
-2.02500e-06,818.09046119e-03,368.84422600e-03
-2.00000e-06,737.68845201e-03,368.84422600e-03
-1.97500e-06,737.68845201e-03,328.64322141e-03
-1.95000e-06,737.68845201e-03,328.64322141e-03
-1.92500e-06,737.68845201e-03,328.64322141e-03
-1.90000e-06,818.09046119e-03,368.84422600e-03
-1.87500e-06,818.09046119e-03,328.64322141e-03
-1.85000e-06,818.09046119e-03,366.33166322e-03
-1.82500e-06,818.09046119e-03,368.84422600e-03
-1.80000e-06,818.09046119e-03,366.33166322e-03
-1.77500e-06,737.68845201e-03,366.33166322e-03
-1.75000e-06,818.09046119e-03,328.64322141e-03
-1.72500e-06,818.09046119e-03,328.64322141e-03
-1.70000e-06,818.09046119e-03,328.64322141e-03
-1.67500e-06,818.09046119e-03,366.33166322e-03
-1.65000e-06,818.09046119e-03,366.33166322e-03
-1.62500e-06,818.09046119e-03,368.84422600e-03
-1.60000e-06,818.09046119e-03,368.84422600e-03
-1.57500e-06,818.09046119e-03,368.84422600e-03
-1.55000e-06,818.09046119e-03,328.64322141e-03
-1.52500e-06,893.46734481e-03,328.64322141e-03
-1.50000e-06,893.46734481e-03,368.84422600e-03
-1.47500e-06,898.49247038e-03,368.84422600e-03
-1.45000e-06,898.49247038e-03,366.33166322e-03
-1.42500e-06,818.09046119e-03,328.64322141e-03
-1.40000e-06,818.09046119e-03,366.33166322e-03
-1.37500e-06,818.09046119e-03,366.33166322e-03
-1.35000e-06,893.46734481e-03,328.64322141e-03
-1.32500e-06,898.49247038e-03,368.84422600e-03
-1.30000e-06,898.49247038e-03,366.33166322e-03
-1.27500e-06,898.49247038e-03,328.64322141e-03
-1.25000e-06,898.49247038e-03,366.33166322e-03
-1.22500e-06,898.49247038e-03,328.64322141e-03
-1.20000e-06,898.49247038e-03,368.84422600e-03
-1.17500e-06,898.49247038e-03,366.33166322e-03
-1.15000e-06,898.49247038e-03,366.33166322e-03
-1.12500e-06,898.49247038e-03,368.84422600e-03
-1.10000e-06,898.49247038e-03,368.84422600e-03
-1.07500e-06,898.49247038e-03,368.84422600e-03
-1.05000e-06,973.86935400e-03,368.84422600e-03
-1.02500e-06,898.49247038e-03,328.64322141e-03
-1.00000e-06,898.49247038e-03,368.84422600e-03
-975.00e-09,898.49247038e-03,368.84422600e-03
-950.00e-09,978.89447957e-03,328.64322141e-03
-925.00e-09,978.89447957e-03,328.64322141e-03
-900.00e-09,978.89447957e-03,366.33166322e-03
-875.00e-09,898.49247038e-03,328.64322141e-03
-850.00e-09,898.49247038e-03,368.84422600e-03
-825.00e-09,898.49247038e-03,368.84422600e-03
-800.00e-09,978.89447957e-03,366.33166322e-03
-775.00e-09,898.49247038e-03,368.84422600e-03
-750.00e-09,898.49247038e-03,328.64322141e-03
-725.00e-09,978.89447957e-03,328.64322141e-03
-700.00e-09,978.89447957e-03,328.64322141e-03
-675.00e-09,978.89447957e-03,368.84422600e-03
-650.00e-09,978.89447957e-03,366.33166322e-03
-625.00e-09,898.49247038e-03,368.84422600e-03
-600.00e-09,978.89447957e-03,368.84422600e-03
-575.00e-09,898.49247038e-03,366.33166322e-03
-550.00e-09,973.86935400e-03,328.64322141e-03
-525.00e-09,978.89447957e-03,328.64322141e-03
-500.00e-09,1.05427136319e00,368.84422600e-03
-475.00e-09,978.89447957e-03,328.64322141e-03
-450.00e-09,898.49247038e-03,328.64322141e-03
-425.00e-09,978.89447957e-03,328.64322141e-03
-400.00e-09,978.89447957e-03,368.84422600e-03
-375.00e-09,978.89447957e-03,368.84422600e-03
-350.00e-09,978.89447957e-03,366.33166322e-03
-325.00e-09,978.89447957e-03,368.84422600e-03
-300.00e-09,978.89447957e-03,328.64322141e-03
-275.00e-09,978.89447957e-03,328.64322141e-03
-250.00e-09,978.89447957e-03,366.33166322e-03
-225.00e-09,978.89447957e-03,368.84422600e-03
-200.00e-09,1.05427136319e00,368.84422600e-03
-175.00e-09,978.89447957e-03,366.33166322e-03
-150.00e-09,978.89447957e-03,328.64322141e-03
-125.00e-09,978.89447957e-03,368.84422600e-03
-100.00e-09,978.89447957e-03,328.64322141e-03
-75.00e-09,978.89447957e-03,366.33166322e-03
-50.00e-09,978.89447957e-03,368.84422600e-03
-25.00e-09,978.89447957e-03,328.64322141e-03
0.0e00,978.89447957e-03,-153.76883373e-03
25.00e-09,898.49247038e-03,-394.97486129e-03
50.00e-09,898.49247038e-03,-475.37687048e-03
75.00e-09,818.09046119e-03,-435.17586589e-03
100.00e-09,893.46734481e-03,-475.37687048e-03
125.00e-09,898.49247038e-03,-435.17586589e-03
150.00e-09,898.49247038e-03,-437.68842868e-03
175.00e-09,818.09046119e-03,-435.17586589e-03
200.00e-09,893.46734481e-03,-435.17586589e-03
225.00e-09,898.49247038e-03,-475.37687048e-03
250.00e-09,898.49247038e-03,-475.37687048e-03
275.00e-09,898.49247038e-03,-475.37687048e-03
300.00e-09,898.49247038e-03,-475.37687048e-03
325.00e-09,898.49247038e-03,-435.17586589e-03
350.00e-09,818.09046119e-03,-475.37687048e-03
375.00e-09,898.49247038e-03,-435.17586589e-03
400.00e-09,898.49247038e-03,-435.17586589e-03
425.00e-09,818.09046119e-03,-435.17586589e-03
450.00e-09,893.46734481e-03,-437.68842868e-03
475.00e-09,898.49247038e-03,-475.37687048e-03
500.00e-09,898.49247038e-03,-435.17586589e-03
525.00e-09,898.49247038e-03,-435.17586589e-03
550.00e-09,893.46734481e-03,-435.17586589e-03
575.00e-09,818.09046119e-03,-475.37687048e-03
600.00e-09,818.09046119e-03,-437.68842868e-03
625.00e-09,818.09046119e-03,-435.17586589e-03
650.00e-09,818.09046119e-03,-475.37687048e-03
675.00e-09,818.09046119e-03,-475.37687048e-03
700.00e-09,898.49247038e-03,-437.68842868e-03
725.00e-09,898.49247038e-03,-435.17586589e-03
750.00e-09,818.09046119e-03,-437.68842868e-03
775.00e-09,818.09046119e-03,-435.17586589e-03
800.00e-09,818.09046119e-03,-435.17586589e-03
825.00e-09,818.09046119e-03,-435.17586589e-03
850.00e-09,818.09046119e-03,-435.17586589e-03
875.00e-09,818.09046119e-03,-435.17586589e-03
900.00e-09,818.09046119e-03,-437.68842868e-03
925.00e-09,818.09046119e-03,-475.37687048e-03
950.00e-09,818.09046119e-03,-437.68842868e-03
975.00e-09,737.68845201e-03,-475.37687048e-03
1.00000e-06,818.09046119e-03,-435.17586589e-03
1.02500e-06,737.68845201e-03,-435.17586589e-03
1.05000e-06,813.06533562e-03,-437.68842868e-03
1.07500e-06,737.68845201e-03,-475.37687048e-03
1.10000e-06,737.68845201e-03,-435.17586589e-03
1.12500e-06,737.68845201e-03,-435.17586589e-03
1.15000e-06,813.06533562e-03,-437.68842868e-03
1.17500e-06,737.68845201e-03,-435.17586589e-03
1.20000e-06,737.68845201e-03,-437.68842868e-03
1.22500e-06,737.68845201e-03,-435.17586589e-03
1.25000e-06,732.66332643e-03,-437.68842868e-03
1.27500e-06,737.68845201e-03,-435.17586589e-03
1.30000e-06,737.68845201e-03,-435.17586589e-03
1.32500e-06,737.68845201e-03,-475.37687048e-03
1.35000e-06,737.68845201e-03,-437.68842868e-03
1.37500e-06,737.68845201e-03,-435.17586589e-03
1.40000e-06,657.28644282e-03,-435.17586589e-03
1.42500e-06,657.28644282e-03,-435.17586589e-03
1.45000e-06,657.28644282e-03,-435.17586589e-03
1.47500e-06,657.28644282e-03,-475.37687048e-03
1.50000e-06,657.28644282e-03,-435.17586589e-03
1.52500e-06,657.28644282e-03,-435.17586589e-03
1.55000e-06,657.28644282e-03,-435.17586589e-03
1.57500e-06,576.88443363e-03,-475.37687048e-03
1.60000e-06,576.88443363e-03,-435.17586589e-03
1.62500e-06,576.88443363e-03,-435.17586589e-03
1.65000e-06,576.88443363e-03,-437.68842868e-03
1.67500e-06,657.28644282e-03,-475.37687048e-03
1.70000e-06,652.26131724e-03,-435.17586589e-03
1.72500e-06,652.26131724e-03,-435.17586589e-03
1.75000e-06,576.88443363e-03,-435.17586589e-03
1.77500e-06,576.88443363e-03,-475.37687048e-03
1.80000e-06,576.88443363e-03,-435.17586589e-03
1.82500e-06,496.48242444e-03,-435.17586589e-03
1.85000e-06,571.85930805e-03,-475.37687048e-03
1.87500e-06,496.48242444e-03,-475.37687048e-03
1.90000e-06,496.48242444e-03,-437.68842868e-03
1.92500e-06,496.48242444e-03,-475.37687048e-03
1.95000e-06,496.48242444e-03,-475.37687048e-03
1.97500e-06,496.48242444e-03,-475.37687048e-03
2.00000e-06,496.48242444e-03,-435.17586589e-03
2.02500e-06,496.48242444e-03,-435.17586589e-03
2.05000e-06,416.08041525e-03,-437.68842868e-03
2.07500e-06,416.08041525e-03,-435.17586589e-03
2.10000e-06,416.08041525e-03,-435.17586589e-03
2.12500e-06,491.45729886e-03,-437.68842868e-03
2.15000e-06,416.08041525e-03,-435.17586589e-03
2.17500e-06,416.08041525e-03,-475.37687048e-03
2.20000e-06,416.08041525e-03,-435.17586589e-03
2.22500e-06,416.08041525e-03,-435.17586589e-03
2.25000e-06,335.67840606e-03,-435.17586589e-03
2.27500e-06,335.67840606e-03,-475.37687048e-03
2.30000e-06,335.67840606e-03,-435.17586589e-03
2.32500e-06,335.67840606e-03,-435.17586589e-03
2.35000e-06,335.67840606e-03,-437.68842868e-03
2.37500e-06,255.27639687e-03,-475.37687048e-03
2.40000e-06,335.67840606e-03,-437.68842868e-03
2.42500e-06,255.27639687e-03,-475.37687048e-03
2.45000e-06,335.67840606e-03,-475.37687048e-03
2.47500e-06,255.27639687e-03,-475.37687048e-03
2.50000e-06,330.65328049e-03,-435.17586589e-03
2.52500e-06,335.67840606e-03,-435.17586589e-03
2.55000e-06,255.27639687e-03,-437.68842868e-03
2.57500e-06,255.27639687e-03,-475.37687048e-03
2.60000e-06,250.25127130e-03,-475.37687048e-03
2.62500e-06,174.87438768e-03,-475.37687048e-03
2.65000e-06,255.27639687e-03,-475.37687048e-03
2.67500e-06,174.87438768e-03,-475.37687048e-03
2.70000e-06,174.87438768e-03,-475.37687048e-03
2.72500e-06,174.87438768e-03,-475.37687048e-03
2.75000e-06,94.47237849e-03,-437.68842868e-03
2.77500e-06,94.47237849e-03,-435.17586589e-03
2.80000e-06,94.47237849e-03,-435.17586589e-03
2.82500e-06,94.47237849e-03,-437.68842868e-03
2.85000e-06,94.47237849e-03,-437.68842868e-03
2.87500e-06,94.47237849e-03,-475.37687048e-03
2.90000e-06,94.47237849e-03,-437.68842868e-03
2.92500e-06,14.07036930e-03,-475.37687048e-03
2.95000e-06,14.07036930e-03,-435.17586589e-03
2.97500e-06,14.07036930e-03,-475.37687048e-03
3.00000e-06,14.07036930e-03,-435.17586589e-03
3.02500e-06,14.07036930e-03,-435.17586589e-03
3.05000e-06,14.07036930e-03,-435.17586589e-03
3.07500e-06,-66.33163989e-03,-475.37687048e-03
3.10000e-06,9.04524373e-03,-435.17586589e-03
3.12500e-06,-66.33163989e-03,-435.17586589e-03
3.15000e-06,-66.33163989e-03,-475.37687048e-03
3.17500e-06,-146.73364908e-03,-475.37687048e-03
3.20000e-06,-66.33163989e-03,-475.37687048e-03
3.22500e-06,-146.73364908e-03,-437.68842868e-03
3.25000e-06,-146.73364908e-03,-435.17586589e-03
3.27500e-06,-146.73364908e-03,-475.37687048e-03
3.30000e-06,-146.73364908e-03,-475.37687048e-03
3.32500e-06,-146.73364908e-03,-437.68842868e-03
3.35000e-06,-146.73364908e-03,-437.68842868e-03
3.37500e-06,-146.73364908e-03,-475.37687048e-03
3.40000e-06,-151.75877465e-03,-435.17586589e-03
3.42500e-06,-227.13565826e-03,-437.68842868e-03
3.45000e-06,-227.13565826e-03,-435.17586589e-03
3.47500e-06,-227.13565826e-03,-475.37687048e-03
3.50000e-06,-227.13565826e-03,-475.37687048e-03
3.52500e-06,-227.13565826e-03,-437.68842868e-03
3.55000e-06,-227.13565826e-03,-437.68842868e-03
3.57500e-06,-227.13565826e-03,-475.37687048e-03
3.60000e-06,-307.53766745e-03,-435.17586589e-03
3.62500e-06,-307.53766745e-03,-475.37687048e-03
3.65000e-06,-307.53766745e-03,-475.37687048e-03
3.67500e-06,-307.53766745e-03,-475.37687048e-03
3.70000e-06,-307.53766745e-03,-435.17586589e-03
3.72500e-06,-387.93967664e-03,-475.37687048e-03
3.75000e-06,-387.93967664e-03,-435.17586589e-03
3.77500e-06,-387.93967664e-03,-475.37687048e-03
3.80000e-06,-387.93967664e-03,-435.17586589e-03
3.82500e-06,-468.34168583e-03,-437.68842868e-03
3.85000e-06,-468.34168583e-03,-437.68842868e-03
3.87500e-06,-387.93967664e-03,-475.37687048e-03
3.90000e-06,-392.96480222e-03,-437.68842868e-03
3.92500e-06,-468.34168583e-03,-475.37687048e-03
3.95000e-06,-468.34168583e-03,-475.37687048e-03
3.97500e-06,-468.34168583e-03,-435.17586589e-03
4.00000e-06,-468.34168583e-03,-435.17586589e-03
4.02500e-06,-548.74369502e-03,-437.68842868e-03
4.05000e-06,-548.74369502e-03,-437.68842868e-03
4.07500e-06,-548.74369502e-03,-475.37687048e-03
4.10000e-06,-473.36681141e-03,-437.68842868e-03
4.12500e-06,-548.74369502e-03,-435.17586589e-03
4.15000e-06,-629.14570421e-03,-437.68842868e-03
4.17500e-06,-548.74369502e-03,-435.17586589e-03
4.20000e-06,-629.14570421e-03,-435.17586589e-03
4.22500e-06,-629.14570421e-03,-437.68842868e-03
4.25000e-06,-629.14570421e-03,-437.68842868e-03
4.27500e-06,-709.54771340e-03,-475.37687048e-03
4.30000e-06,-709.54771340e-03,-435.17586589e-03
4.32500e-06,-709.54771340e-03,-435.17586589e-03
4.35000e-06,-709.54771340e-03,-437.68842868e-03
4.37500e-06,-709.54771340e-03,-475.37687048e-03
4.40000e-06,-709.54771340e-03,-435.17586589e-03
4.42500e-06,-789.94972259e-03,-435.17586589e-03
4.45000e-06,-789.94972259e-03,-475.37687048e-03
4.47500e-06,-789.94972259e-03,-475.37687048e-03
4.50000e-06,-714.57283897e-03,-435.17586589e-03
4.52500e-06,-789.94972259e-03,-437.68842868e-03
4.55000e-06,-789.94972259e-03,-475.37687048e-03
4.57500e-06,-789.94972259e-03,-475.37687048e-03
4.60000e-06,-794.97484816e-03,-475.37687048e-03
4.62500e-06,-870.35173178e-03,-475.37687048e-03
4.65000e-06,-870.35173178e-03,-475.37687048e-03
4.67500e-06,-870.35173178e-03,-475.37687048e-03
4.70000e-06,-870.35173178e-03,-435.17586589e-03
4.72500e-06,-794.97484816e-03,-475.37687048e-03
4.75000e-06,-870.35173178e-03,-435.17586589e-03
4.77500e-06,-870.35173178e-03,-475.37687048e-03
4.80000e-06,-950.75374097e-03,-435.17586589e-03
4.82500e-06,-870.35173178e-03,-435.17586589e-03
4.85000e-06,-950.75374097e-03,-475.37687048e-03
4.87500e-06,-950.75374097e-03,-475.37687048e-03
4.90000e-06,-955.77886654e-03,-435.17586589e-03
4.92500e-06,-955.77886654e-03,-475.37687048e-03
4.95000e-06,-950.75374097e-03,-437.68842868e-03
4.97500e-06,-950.75374097e-03,-475.37687048e-03
5.00000e-06,-1.03115575016e00,-435.17586589e-03
5.02500e-06,-1.03115575016e00,-475.37687048e-03
5.05000e-06,-1.03115575016e00,-437.68842868e-03
5.07500e-06,-1.03115575016e00,-435.17586589e-03
5.10000e-06,-1.03115575016e00,-435.17586589e-03
5.12500e-06,-1.11155775934e00,-435.17586589e-03
5.15000e-06,-1.03115575016e00,-435.17586589e-03
5.17500e-06,-1.11155775934e00,-475.37687048e-03
5.20000e-06,-1.11155775934e00,-435.17586589e-03
5.22500e-06,-1.11155775934e00,-437.68842868e-03
5.25000e-06,-1.11155775934e00,-435.17586589e-03
5.27500e-06,-1.19195976853e00,-475.37687048e-03
5.30000e-06,-1.19195976853e00,-475.37687048e-03
5.32500e-06,-1.11155775934e00,-435.17586589e-03
5.35000e-06,-1.19195976853e00,-475.37687048e-03
5.37500e-06,-1.19195976853e00,-475.37687048e-03
5.40000e-06,-1.19195976853e00,-435.17586589e-03
5.42500e-06,-1.27236177772e00,-435.17586589e-03
5.45000e-06,-1.19195976853e00,-435.17586589e-03
5.47500e-06,-1.27236177772e00,-435.17586589e-03
5.50000e-06,-1.19195976853e00,-435.17586589e-03
5.52500e-06,-1.27236177772e00,-435.17586589e-03
5.55000e-06,-1.27236177772e00,-437.68842868e-03
5.57500e-06,-1.27236177772e00,-435.17586589e-03
5.60000e-06,-1.27236177772e00,-435.17586589e-03
5.62500e-06,-1.27236177772e00,-437.68842868e-03
5.65000e-06,-1.27738690330e00,-435.17586589e-03
5.67500e-06,-1.27236177772e00,-435.17586589e-03
5.70000e-06,-1.27738690330e00,-435.17586589e-03
5.72500e-06,-1.27738690330e00,-435.17586589e-03
5.75000e-06,-1.35276378691e00,-475.37687048e-03
5.77500e-06,-1.35276378691e00,-475.37687048e-03
5.80000e-06,-1.35276378691e00,-475.37687048e-03
5.82500e-06,-1.43316579610e00,-435.17586589e-03
5.85000e-06,-1.43316579610e00,-475.37687048e-03
5.87500e-06,-1.35276378691e00,-435.17586589e-03
5.90000e-06,-1.35778891249e00,-475.37687048e-03
5.92500e-06,-1.43316579610e00,-475.37687048e-03
5.95000e-06,-1.35778891249e00,-437.68842868e-03
5.97500e-06,-1.43316579610e00,-475.37687048e-03
6.00000e-06,-1.43316579610e00,-435.17586589e-03
6.02500e-06,-1.43316579610e00,-475.37687048e-03
6.05000e-06,-1.43316579610e00,-475.37687048e-03
6.07500e-06,-1.51356780529e00,-475.37687048e-03
6.10000e-06,-1.43819092168e00,-435.17586589e-03
6.12500e-06,-1.43316579610e00,-435.17586589e-03
6.15000e-06,-1.51356780529e00,-435.17586589e-03
6.17500e-06,-1.51356780529e00,-475.37687048e-03
6.20000e-06,-1.43819092168e00,-394.97486129e-03
6.22500e-06,-1.51356780529e00,-397.48742408e-03
6.25000e-06,-1.51356780529e00,-437.68842868e-03
6.27500e-06,-1.51356780529e00,-475.37687048e-03
6.30000e-06,-1.51356780529e00,-435.17586589e-03
6.32500e-06,-1.51356780529e00,-475.37687048e-03
6.35000e-06,-1.51356780529e00,-475.37687048e-03
6.37500e-06,-1.51356780529e00,-435.17586589e-03
6.40000e-06,-1.51859293086e00,-435.17586589e-03
6.42500e-06,-1.59396981448e00,-437.68842868e-03
6.45000e-06,-1.59396981448e00,-475.37687048e-03
6.47500e-06,-1.51356780529e00,-475.37687048e-03
6.50000e-06,-1.51356780529e00,-435.17586589e-03
6.52500e-06,-1.59396981448e00,-475.37687048e-03
6.55000e-06,-1.59396981448e00,-435.17586589e-03
6.57500e-06,-1.59396981448e00,-475.37687048e-03
6.60000e-06,-1.59396981448e00,-435.17586589e-03
6.62500e-06,-1.59396981448e00,-437.68842868e-03
6.65000e-06,-1.59396981448e00,-475.37687048e-03
6.67500e-06,-1.67437182367e00,-475.37687048e-03
6.70000e-06,-1.59396981448e00,-475.37687048e-03
6.72500e-06,-1.59396981448e00,-435.17586589e-03
6.75000e-06,-1.59396981448e00,-437.68842868e-03
6.77500e-06,-1.59396981448e00,-435.17586589e-03
6.80000e-06,-1.67437182367e00,-435.17586589e-03
6.82500e-06,-1.67437182367e00,-435.17586589e-03
6.85000e-06,-1.67437182367e00,-475.37687048e-03
6.87500e-06,-1.67437182367e00,-475.37687048e-03
6.90000e-06,-1.67437182367e00,-437.68842868e-03
6.92500e-06,-1.67437182367e00,-435.17586589e-03
6.95000e-06,-1.67437182367e00,-475.37687048e-03
6.97500e-06,-1.67437182367e00,-475.37687048e-03
7.00000e-06,-1.67939694924e00,-435.17586589e-03
7.02500e-06,-1.67437182367e00,-435.17586589e-03
7.05000e-06,-1.67437182367e00,-475.37687048e-03
7.07500e-06,-1.75477383286e00,-475.37687048e-03
7.10000e-06,-1.67437182367e00,-435.17586589e-03
7.12500e-06,-1.67437182367e00,-435.17586589e-03
7.15000e-06,-1.75477383286e00,-437.68842868e-03
7.17500e-06,-1.67437182367e00,-475.37687048e-03
7.20000e-06,-1.67939694924e00,-435.17586589e-03
7.22500e-06,-1.67939694924e00,-435.17586589e-03
7.25000e-06,-1.75477383286e00,-475.37687048e-03
7.27500e-06,-1.67437182367e00,-475.37687048e-03
7.30000e-06,-1.67939694924e00,-435.17586589e-03
7.32500e-06,-1.67939694924e00,-435.17586589e-03
7.35000e-06,-1.75477383286e00,-437.68842868e-03
7.37500e-06,-1.75477383286e00,-475.37687048e-03
7.40000e-06,-1.75477383286e00,-435.17586589e-03
7.42500e-06,-1.75477383286e00,-475.37687048e-03
7.45000e-06,-1.75477383286e00,-475.37687048e-03
7.47500e-06,-1.75477383286e00,-475.37687048e-03
7.50000e-06,-1.75477383286e00,-475.37687048e-03
7.52500e-06,-1.67437182367e00,-475.37687048e-03
7.55000e-06,-1.75477383286e00,-437.68842868e-03
7.57500e-06,-1.75477383286e00,-475.37687048e-03
7.60000e-06,-1.75477383286e00,-394.97486129e-03
7.62500e-06,-1.75477383286e00,-435.17586589e-03
7.65000e-06,-1.75477383286e00,-475.37687048e-03
7.67500e-06,-1.75477383286e00,-435.17586589e-03
7.70000e-06,-1.67939694924e00,-475.37687048e-03
7.72500e-06,-1.75477383286e00,-435.17586589e-03
7.75000e-06,-1.75477383286e00,-437.68842868e-03
7.77500e-06,-1.75477383286e00,-475.37687048e-03
7.80000e-06,-1.75477383286e00,-437.68842868e-03
7.82500e-06,-1.75477383286e00,-435.17586589e-03
7.85000e-06,-1.67437182367e00,-475.37687048e-03
7.87500e-06,-1.67437182367e00,-437.68842868e-03
7.90000e-06,-1.75477383286e00,-435.17586589e-03
7.92500e-06,-1.75477383286e00,-435.17586589e-03
7.95000e-06,-1.75477383286e00,-437.68842868e-03
7.97500e-06,-1.75477383286e00,-475.37687048e-03
8.00000e-06,-1.75477383286e00,-435.17586589e-03
8.02500e-06,-1.75477383286e00,-437.68842868e-03
8.05000e-06,-1.75477383286e00,-475.37687048e-03
8.07500e-06,-1.75477383286e00,-475.37687048e-03
8.10000e-06,-1.67437182367e00,-437.68842868e-03
8.12500e-06,-1.67939694924e00,-435.17586589e-03
8.15000e-06,-1.75477383286e00,-437.68842868e-03
8.17500e-06,-1.67939694924e00,-437.68842868e-03
8.20000e-06,-1.67939694924e00,-435.17586589e-03
8.22500e-06,-1.75477383286e00,-437.68842868e-03
8.25000e-06,-1.75477383286e00,-475.37687048e-03
8.27500e-06,-1.75477383286e00,-475.37687048e-03
8.30000e-06,-1.67437182367e00,-437.68842868e-03
8.32500e-06,-1.67437182367e00,-475.37687048e-03
8.35000e-06,-1.67437182367e00,-437.68842868e-03
8.37500e-06,-1.67437182367e00,-475.37687048e-03
8.40000e-06,-1.67437182367e00,-475.37687048e-03
8.42500e-06,-1.75477383286e00,-435.17586589e-03
8.45000e-06,-1.67437182367e00,-437.68842868e-03
8.47500e-06,-1.67437182367e00,-475.37687048e-03
8.50000e-06,-1.67939694924e00,-475.37687048e-03
8.52500e-06,-1.67437182367e00,-435.17586589e-03
8.55000e-06,-1.67437182367e00,-437.68842868e-03
8.57500e-06,-1.67437182367e00,-435.17586589e-03
8.60000e-06,-1.67437182367e00,-435.17586589e-03
8.62500e-06,-1.67437182367e00,-435.17586589e-03
8.65000e-06,-1.67437182367e00,-475.37687048e-03
8.67500e-06,-1.67437182367e00,-435.17586589e-03
8.70000e-06,-1.59396981448e00,-475.37687048e-03
8.72500e-06,-1.67437182367e00,-435.17586589e-03
8.75000e-06,-1.67437182367e00,-437.68842868e-03
8.77500e-06,-1.67437182367e00,-475.37687048e-03
8.80000e-06,-1.67437182367e00,-435.17586589e-03
8.82500e-06,-1.59899494005e00,-437.68842868e-03
8.85000e-06,-1.59396981448e00,-475.37687048e-03
8.87500e-06,-1.59396981448e00,-475.37687048e-03
8.90000e-06,-1.59396981448e00,-475.37687048e-03
8.92500e-06,-1.59396981448e00,-435.17586589e-03
8.95000e-06,-1.59396981448e00,-435.17586589e-03
8.97500e-06,-1.59396981448e00,-475.37687048e-03
9.00000e-06,-1.59396981448e00,-435.17586589e-03
9.02500e-06,-1.59396981448e00,-437.68842868e-03
9.05000e-06,-1.59396981448e00,-475.37687048e-03
9.07500e-06,-1.59396981448e00,-475.37687048e-03
9.10000e-06,-1.51859293086e00,-475.37687048e-03
9.12500e-06,-1.59396981448e00,-475.37687048e-03
9.15000e-06,-1.51859293086e00,-437.68842868e-03
9.17500e-06,-1.51356780529e00,-435.17586589e-03
9.20000e-06,-1.51356780529e00,-435.17586589e-03
9.22500e-06,-1.51356780529e00,-475.37687048e-03
9.25000e-06,-1.51356780529e00,-475.37687048e-03
9.27500e-06,-1.51356780529e00,-475.37687048e-03
9.30000e-06,-1.51356780529e00,-475.37687048e-03
9.32500e-06,-1.51356780529e00,-437.68842868e-03
9.35000e-06,-1.51356780529e00,-437.68842868e-03
9.37500e-06,-1.51356780529e00,-475.37687048e-03
9.40000e-06,-1.51356780529e00,-475.37687048e-03
9.42500e-06,-1.43316579610e00,-435.17586589e-03
9.45000e-06,-1.43316579610e00,-475.37687048e-03
9.47500e-06,-1.43316579610e00,-475.37687048e-03
9.50000e-06,-1.35778891249e00,-475.37687048e-03
9.52500e-06,-1.43316579610e00,-435.17586589e-03
9.55000e-06,-1.43316579610e00,-435.17586589e-03
9.57500e-06,-1.35778891249e00,-475.37687048e-03
9.60000e-06,-1.35778891249e00,-435.17586589e-03
9.62500e-06,-1.43316579610e00,-435.17586589e-03
9.65000e-06,-1.35276378691e00,-437.68842868e-03
9.67500e-06,-1.35276378691e00,-435.17586589e-03
9.70000e-06,-1.27738690330e00,-437.68842868e-03
9.72500e-06,-1.35276378691e00,-437.68842868e-03
9.75000e-06,-1.35276378691e00,-475.37687048e-03
9.77500e-06,-1.35276378691e00,-475.37687048e-03
9.80000e-06,-1.27738690330e00,-435.17586589e-03
9.82500e-06,-1.35276378691e00,-435.17586589e-03
9.85000e-06,-1.35276378691e00,-475.37687048e-03
9.87500e-06,-1.27236177772e00,-475.37687048e-03
9.90000e-06,-1.27236177772e00,-437.68842868e-03
9.92500e-06,-1.27236177772e00,-437.68842868e-03
9.95000e-06,-1.27738690330e00,-437.68842868e-03
9.97500e-06,-1.27236177772e00,-475.37687048e-03
10.00000e-06,-1.27236177772e00,-437.68842868e-03
10.02500e-06,-1.27236177772e00,-437.68842868e-03
10.05000e-06,-1.27236177772e00,-437.68842868e-03
10.07500e-06,-1.19195976853e00,-475.37687048e-03
10.10000e-06,-1.19195976853e00,-475.37687048e-03
10.12500e-06,-1.19698489411e00,-435.17586589e-03
10.15000e-06,-1.19195976853e00,-437.68842868e-03
10.17500e-06,-1.19195976853e00,-475.37687048e-03
10.20000e-06,-1.19195976853e00,-435.17586589e-03
10.22500e-06,-1.19195976853e00,-437.68842868e-03
10.25000e-06,-1.19195976853e00,-475.37687048e-03
10.27500e-06,-1.11155775934e00,-435.17586589e-03
10.30000e-06,-1.11658288492e00,-435.17586589e-03
10.32500e-06,-1.11155775934e00,-435.17586589e-03
10.35000e-06,-1.11155775934e00,-475.37687048e-03
10.37500e-06,-1.11155775934e00,-475.37687048e-03
10.40000e-06,-1.11155775934e00,-475.37687048e-03
10.42500e-06,-1.11155775934e00,-475.37687048e-03
10.45000e-06,-1.11155775934e00,-435.17586589e-03
10.47500e-06,-1.03115575016e00,-475.37687048e-03
10.50000e-06,-1.03115575016e00,-475.37687048e-03
10.52500e-06,-1.03115575016e00,-475.37687048e-03
10.55000e-06,-1.03115575016e00,-475.37687048e-03
10.57500e-06,-950.75374097e-03,-435.17586589e-03
10.60000e-06,-955.77886654e-03,-437.68842868e-03
10.62500e-06,-955.77886654e-03,-475.37687048e-03
10.65000e-06,-1.03115575016e00,-437.68842868e-03
10.67500e-06,-950.75374097e-03,-437.68842868e-03
10.70000e-06,-870.35173178e-03,-475.37687048e-03
10.72500e-06,-950.75374097e-03,-435.17586589e-03
10.75000e-06,-950.75374097e-03,-475.37687048e-03
10.77500e-06,-950.75374097e-03,-475.37687048e-03
10.80000e-06,-870.35173178e-03,-435.17586589e-03
10.82500e-06,-870.35173178e-03,-435.17586589e-03
10.85000e-06,-870.35173178e-03,-475.37687048e-03
10.87500e-06,-870.35173178e-03,-475.37687048e-03
10.90000e-06,-870.35173178e-03,-475.37687048e-03
10.92500e-06,-794.97484816e-03,-475.37687048e-03
10.95000e-06,-870.35173178e-03,-475.37687048e-03
10.97500e-06,-789.94972259e-03,-435.17586589e-03
11.00000e-06,-789.94972259e-03,-435.17586589e-03
11.02500e-06,-870.35173178e-03,-475.37687048e-03
11.05000e-06,-870.35173178e-03,-475.37687048e-03
11.07500e-06,-789.94972259e-03,-435.17586589e-03
11.10000e-06,-789.94972259e-03,-475.37687048e-03
11.12500e-06,-789.94972259e-03,-435.17586589e-03
11.15000e-06,-789.94972259e-03,-437.68842868e-03
11.17500e-06,-709.54771340e-03,-475.37687048e-03
11.20000e-06,-709.54771340e-03,-435.17586589e-03
11.22500e-06,-709.54771340e-03,-435.17586589e-03
11.25000e-06,-709.54771340e-03,-435.17586589e-03
11.27500e-06,-709.54771340e-03,-435.17586589e-03
11.30000e-06,-634.17082978e-03,-435.17586589e-03
11.32500e-06,-709.54771340e-03,-435.17586589e-03
11.35000e-06,-629.14570421e-03,-437.68842868e-03
11.37500e-06,-629.14570421e-03,-475.37687048e-03
11.40000e-06,-629.14570421e-03,-475.37687048e-03
11.42500e-06,-629.14570421e-03,-437.68842868e-03
11.45000e-06,-548.74369502e-03,-475.37687048e-03
11.47500e-06,-553.76882059e-03,-475.37687048e-03
11.50000e-06,-548.74369502e-03,-435.17586589e-03
11.52500e-06,-548.74369502e-03,-435.17586589e-03
11.55000e-06,-548.74369502e-03,-435.17586589e-03
11.57500e-06,-548.74369502e-03,-475.37687048e-03
11.60000e-06,-548.74369502e-03,-475.37687048e-03
11.62500e-06,-548.74369502e-03,-437.68842868e-03
11.65000e-06,-468.34168583e-03,-437.68842868e-03
11.67500e-06,-468.34168583e-03,-475.37687048e-03
11.70000e-06,-468.34168583e-03,-475.37687048e-03
11.72500e-06,-468.34168583e-03,-435.17586589e-03
11.75000e-06,-468.34168583e-03,-475.37687048e-03
11.77500e-06,-468.34168583e-03,-475.37687048e-03
11.80000e-06,-392.96480222e-03,-475.37687048e-03
11.82500e-06,-468.34168583e-03,-435.17586589e-03
11.85000e-06,-387.93967664e-03,-475.37687048e-03
11.87500e-06,-307.53766745e-03,-435.17586589e-03
11.90000e-06,-387.93967664e-03,-435.17586589e-03
11.92500e-06,-387.93967664e-03,-475.37687048e-03
11.95000e-06,-307.53766745e-03,-435.17586589e-03
11.97500e-06,-307.53766745e-03,-475.37687048e-03
12.00000e-06,-307.53766745e-03,-435.17586589e-03
12.02500e-06,-307.53766745e-03,-435.17586589e-03
12.05000e-06,-307.53766745e-03,-475.37687048e-03
12.07500e-06,-307.53766745e-03,-475.37687048e-03
12.10000e-06,-227.13565826e-03,-437.68842868e-03
12.12500e-06,-307.53766745e-03,-435.17586589e-03
12.15000e-06,-227.13565826e-03,-435.17586589e-03
12.17500e-06,-227.13565826e-03,-475.37687048e-03
12.20000e-06,-232.16078384e-03,-435.17586589e-03
12.22500e-06,-227.13565826e-03,-437.68842868e-03
12.25000e-06,-227.13565826e-03,-437.68842868e-03
12.27500e-06,-227.13565826e-03,-475.37687048e-03
12.30000e-06,-146.73364908e-03,-435.17586589e-03
12.32500e-06,-146.73364908e-03,-435.17586589e-03
12.35000e-06,-146.73364908e-03,-435.17586589e-03
12.37500e-06,-146.73364908e-03,-475.37687048e-03
12.40000e-06,-146.73364908e-03,-475.37687048e-03
12.42500e-06,-146.73364908e-03,-437.68842868e-03
12.45000e-06,-66.33163989e-03,-475.37687048e-03
12.47500e-06,-66.33163989e-03,-475.37687048e-03
12.50000e-06,-66.33163989e-03,-435.17586589e-03
12.52500e-06,-71.35676546e-03,-435.17586589e-03
12.55000e-06,-66.33163989e-03,-435.17586589e-03
12.57500e-06,-66.33163989e-03,-435.17586589e-03
12.60000e-06,9.04524373e-03,-435.17586589e-03
12.62500e-06,-66.33163989e-03,-475.37687048e-03
12.65000e-06,9.04524373e-03,-437.68842868e-03
12.67500e-06,14.07036930e-03,-435.17586589e-03
12.70000e-06,14.07036930e-03,-437.68842868e-03
12.72500e-06,14.07036930e-03,-435.17586589e-03
12.75000e-06,14.07036930e-03,-437.68842868e-03
12.77500e-06,14.07036930e-03,-475.37687048e-03
12.80000e-06,94.47237849e-03,-435.17586589e-03
12.82500e-06,14.07036930e-03,-475.37687048e-03
12.85000e-06,94.47237849e-03,-475.37687048e-03
12.87500e-06,94.47237849e-03,-475.37687048e-03
12.90000e-06,94.47237849e-03,-475.37687048e-03
12.92500e-06,94.47237849e-03,-475.37687048e-03
12.95000e-06,174.87438768e-03,-435.17586589e-03
12.97500e-06,94.47237849e-03,-437.68842868e-03
13.00000e-06,94.47237849e-03,-435.17586589e-03
13.02500e-06,169.84926211e-03,-437.68842868e-03
13.05000e-06,94.47237849e-03,-475.37687048e-03
13.07500e-06,174.87438768e-03,-475.37687048e-03
13.10000e-06,250.25127130e-03,-435.17586589e-03
13.12500e-06,174.87438768e-03,-475.37687048e-03
13.15000e-06,255.27639687e-03,-437.68842868e-03
13.17500e-06,174.87438768e-03,-475.37687048e-03
13.20000e-06,255.27639687e-03,-437.68842868e-03
13.22500e-06,174.87438768e-03,-435.17586589e-03
13.25000e-06,174.87438768e-03,-437.68842868e-03
13.27500e-06,255.27639687e-03,-475.37687048e-03
13.30000e-06,255.27639687e-03,-437.68842868e-03
13.32500e-06,255.27639687e-03,-437.68842868e-03
13.35000e-06,255.27639687e-03,-475.37687048e-03
13.37500e-06,255.27639687e-03,-475.37687048e-03
13.40000e-06,255.27639687e-03,-437.68842868e-03
13.42500e-06,255.27639687e-03,-437.68842868e-03
13.45000e-06,255.27639687e-03,-475.37687048e-03
13.47500e-06,335.67840606e-03,-475.37687048e-03
13.50000e-06,335.67840606e-03,-435.17586589e-03
13.52500e-06,335.67840606e-03,-475.37687048e-03
13.55000e-06,411.05528967e-03,-437.68842868e-03
13.57500e-06,335.67840606e-03,-475.37687048e-03
13.60000e-06,411.05528967e-03,-435.17586589e-03
13.62500e-06,335.67840606e-03,-435.17586589e-03
13.65000e-06,335.67840606e-03,-437.68842868e-03
13.67500e-06,335.67840606e-03,-475.37687048e-03
13.70000e-06,411.05528967e-03,-435.17586589e-03
13.72500e-06,416.08041525e-03,-475.37687048e-03
13.75000e-06,411.05528967e-03,-437.68842868e-03
13.77500e-06,416.08041525e-03,-475.37687048e-03
13.80000e-06,411.05528967e-03,-435.17586589e-03
13.82500e-06,416.08041525e-03,-475.37687048e-03
13.85000e-06,416.08041525e-03,-475.37687048e-03
13.87500e-06,416.08041525e-03,-435.17586589e-03
13.90000e-06,496.48242444e-03,-435.17586589e-03
13.92500e-06,496.48242444e-03,-475.37687048e-03
13.95000e-06,416.08041525e-03,-475.37687048e-03
13.97500e-06,416.08041525e-03,-435.17586589e-03
14.00000e-06,496.48242444e-03,-435.17586589e-03
14.02500e-06,416.08041525e-03,-475.37687048e-03
14.05000e-06,496.48242444e-03,-475.37687048e-03
14.07500e-06,496.48242444e-03,-475.37687048e-03
14.10000e-06,491.45729886e-03,-435.17586589e-03
14.12500e-06,496.48242444e-03,-435.17586589e-03
14.15000e-06,571.85930805e-03,-437.68842868e-03
14.17500e-06,571.85930805e-03,-437.68842868e-03
14.20000e-06,496.48242444e-03,-475.37687048e-03
14.22500e-06,571.85930805e-03,-435.17586589e-03
14.25000e-06,576.88443363e-03,-475.37687048e-03
14.27500e-06,496.48242444e-03,-475.37687048e-03
14.30000e-06,576.88443363e-03,-435.17586589e-03
14.32500e-06,576.88443363e-03,-475.37687048e-03
14.35000e-06,576.88443363e-03,-435.17586589e-03
14.37500e-06,576.88443363e-03,-475.37687048e-03
14.40000e-06,496.48242444e-03,-435.17586589e-03
14.42500e-06,576.88443363e-03,-475.37687048e-03
14.45000e-06,576.88443363e-03,-475.37687048e-03
14.47500e-06,576.88443363e-03,-437.68842868e-03
14.50000e-06,576.88443363e-03,-435.17586589e-03
14.52500e-06,576.88443363e-03,-435.17586589e-03
14.55000e-06,576.88443363e-03,-437.68842868e-03
14.57500e-06,576.88443363e-03,-475.37687048e-03
14.60000e-06,576.88443363e-03,-475.37687048e-03
14.62500e-06,576.88443363e-03,-437.68842868e-03
14.65000e-06,652.26131724e-03,-435.17586589e-03
14.67500e-06,576.88443363e-03,-475.37687048e-03
14.70000e-06,652.26131724e-03,-437.68842868e-03
14.72500e-06,576.88443363e-03,-475.37687048e-03
14.75000e-06,652.26131724e-03,-435.17586589e-03
14.77500e-06,657.28644282e-03,-475.37687048e-03
14.80000e-06,657.28644282e-03,-475.37687048e-03
14.82500e-06,657.28644282e-03,-475.37687048e-03
14.85000e-06,657.28644282e-03,-437.68842868e-03
14.87500e-06,657.28644282e-03,-475.37687048e-03
14.90000e-06,732.66332643e-03,-475.37687048e-03
14.92500e-06,657.28644282e-03,-435.17586589e-03
14.95000e-06,657.28644282e-03,-475.37687048e-03
14.97500e-06,657.28644282e-03,-475.37687048e-03
15.00000e-06,657.28644282e-03,-435.17586589e-03
15.02500e-06,657.28644282e-03,-435.17586589e-03
15.05000e-06,657.28644282e-03,-435.17586589e-03
15.07500e-06,657.28644282e-03,-475.37687048e-03
15.10000e-06,732.66332643e-03,-437.68842868e-03
15.12500e-06,657.28644282e-03,-475.37687048e-03
15.15000e-06,657.28644282e-03,-475.37687048e-03
15.17500e-06,657.28644282e-03,-475.37687048e-03
15.20000e-06,657.28644282e-03,-437.68842868e-03
15.22500e-06,732.66332643e-03,-435.17586589e-03
15.25000e-06,657.28644282e-03,-435.17586589e-03
15.27500e-06,657.28644282e-03,-475.37687048e-03
15.30000e-06,657.28644282e-03,-475.37687048e-03
15.32500e-06,657.28644282e-03,-475.37687048e-03
15.35000e-06,657.28644282e-03,-475.37687048e-03
15.37500e-06,657.28644282e-03,-435.17586589e-03
15.40000e-06,657.28644282e-03,-437.68842868e-03
15.42500e-06,657.28644282e-03,-437.68842868e-03
15.45000e-06,657.28644282e-03,-475.37687048e-03
15.47500e-06,732.66332643e-03,-475.37687048e-03
15.50000e-06,657.28644282e-03,-435.17586589e-03
15.52500e-06,657.28644282e-03,-435.17586589e-03
15.55000e-06,657.28644282e-03,-437.68842868e-03
15.57500e-06,657.28644282e-03,-475.37687048e-03
15.60000e-06,657.28644282e-03,-437.68842868e-03
15.62500e-06,657.28644282e-03,-437.68842868e-03
15.65000e-06,657.28644282e-03,-475.37687048e-03
15.67500e-06,732.66332643e-03,-475.37687048e-03
15.70000e-06,657.28644282e-03,-475.37687048e-03
15.72500e-06,657.28644282e-03,-437.68842868e-03
15.75000e-06,657.28644282e-03,-435.17586589e-03
15.77500e-06,657.28644282e-03,-475.37687048e-03
15.80000e-06,657.28644282e-03,-435.17586589e-03
15.82500e-06,657.28644282e-03,-435.17586589e-03
15.85000e-06,657.28644282e-03,-475.37687048e-03
15.87500e-06,657.28644282e-03,-475.37687048e-03
15.90000e-06,657.28644282e-03,-435.17586589e-03
15.92500e-06,657.28644282e-03,-435.17586589e-03
15.95000e-06,657.28644282e-03,-437.68842868e-03
15.97500e-06,657.28644282e-03,-435.17586589e-03
16.00000e-06,657.28644282e-03,-435.17586589e-03
16.02500e-06,657.28644282e-03,-435.17586589e-03
16.05000e-06,657.28644282e-03,-435.17586589e-03
16.07500e-06,657.28644282e-03,-475.37687048e-03
16.10000e-06,657.28644282e-03,-437.68842868e-03
16.12500e-06,657.28644282e-03,-435.17586589e-03
16.15000e-06,652.26131724e-03,-475.37687048e-03
16.17500e-06,657.28644282e-03,-475.37687048e-03
16.20000e-06,652.26131724e-03,-435.17586589e-03
16.22500e-06,657.28644282e-03,-435.17586589e-03
16.25000e-06,652.26131724e-03,-437.68842868e-03
16.27500e-06,576.88443363e-03,-435.17586589e-03
16.30000e-06,576.88443363e-03,-437.68842868e-03
16.32500e-06,576.88443363e-03,-435.17586589e-03
16.35000e-06,576.88443363e-03,-435.17586589e-03
16.37500e-06,576.88443363e-03,-475.37687048e-03
16.40000e-06,576.88443363e-03,-475.37687048e-03
16.42500e-06,576.88443363e-03,-437.68842868e-03
16.45000e-06,576.88443363e-03,-435.17586589e-03
16.47500e-06,576.88443363e-03,-475.37687048e-03
16.50000e-06,576.88443363e-03,-435.17586589e-03
16.52500e-06,576.88443363e-03,-435.17586589e-03
16.55000e-06,576.88443363e-03,-475.37687048e-03
16.57500e-06,576.88443363e-03,-475.37687048e-03
16.60000e-06,571.85930805e-03,-437.68842868e-03
16.62500e-06,496.48242444e-03,-437.68842868e-03
16.65000e-06,496.48242444e-03,-435.17586589e-03
16.67500e-06,496.48242444e-03,-435.17586589e-03
16.70000e-06,571.85930805e-03,-437.68842868e-03
16.72500e-06,496.48242444e-03,-435.17586589e-03
16.75000e-06,496.48242444e-03,-437.68842868e-03
16.77500e-06,576.88443363e-03,-475.37687048e-03
16.80000e-06,496.48242444e-03,-475.37687048e-03
16.82500e-06,496.48242444e-03,-475.37687048e-03
16.85000e-06,496.48242444e-03,-475.37687048e-03
16.87500e-06,496.48242444e-03,-475.37687048e-03
16.90000e-06,496.48242444e-03,-475.37687048e-03
16.92500e-06,496.48242444e-03,-475.37687048e-03
16.95000e-06,496.48242444e-03,-475.37687048e-03
16.97500e-06,416.08041525e-03,-475.37687048e-03
17.00000e-06,491.45729886e-03,-437.68842868e-03
17.02500e-06,416.08041525e-03,-435.17586589e-03
17.05000e-06,491.45729886e-03,-475.37687048e-03
17.07500e-06,496.48242444e-03,-475.37687048e-03
17.10000e-06,491.45729886e-03,-475.37687048e-03
17.12500e-06,491.45729886e-03,-435.17586589e-03
17.15000e-06,416.08041525e-03,-437.68842868e-03
17.17500e-06,416.08041525e-03,-475.37687048e-03
17.20000e-06,416.08041525e-03,-435.17586589e-03
17.22500e-06,335.67840606e-03,-475.37687048e-03
17.25000e-06,335.67840606e-03,-475.37687048e-03
17.27500e-06,416.08041525e-03,-475.37687048e-03
17.30000e-06,416.08041525e-03,-475.37687048e-03
17.32500e-06,411.05528967e-03,-435.17586589e-03
17.35000e-06,411.05528967e-03,-437.68842868e-03
17.37500e-06,335.67840606e-03,-475.37687048e-03
17.40000e-06,335.67840606e-03,-475.37687048e-03
17.42500e-06,335.67840606e-03,-475.37687048e-03
17.45000e-06,335.67840606e-03,-437.68842868e-03
17.47500e-06,255.27639687e-03,-475.37687048e-03
17.50000e-06,411.05528967e-03,-475.37687048e-03
17.52500e-06,335.67840606e-03,-475.37687048e-03
17.55000e-06,335.67840606e-03,-437.68842868e-03
17.57500e-06,255.27639687e-03,-475.37687048e-03
17.60000e-06,255.27639687e-03,-435.17586589e-03
17.62500e-06,255.27639687e-03,-437.68842868e-03
17.65000e-06,255.27639687e-03,-435.17586589e-03
17.67500e-06,255.27639687e-03,-475.37687048e-03
17.70000e-06,330.65328049e-03,-475.37687048e-03
17.72500e-06,255.27639687e-03,-435.17586589e-03
17.75000e-06,250.25127130e-03,-437.68842868e-03
17.77500e-06,255.27639687e-03,-435.17586589e-03
17.80000e-06,250.25127130e-03,-435.17586589e-03
17.82500e-06,174.87438768e-03,-437.68842868e-03
17.85000e-06,174.87438768e-03,-437.68842868e-03
17.87500e-06,174.87438768e-03,-475.37687048e-03
17.90000e-06,250.25127130e-03,-435.17586589e-03
17.92500e-06,174.87438768e-03,-435.17586589e-03
17.95000e-06,174.87438768e-03,-435.17586589e-03
17.97500e-06,174.87438768e-03,-475.37687048e-03
18.00000e-06,169.84926211e-03,-437.68842868e-03
18.02500e-06,94.47237849e-03,-435.17586589e-03
18.05000e-06,94.47237849e-03,-435.17586589e-03
18.07500e-06,94.47237849e-03,-475.37687048e-03
18.10000e-06,169.84926211e-03,-435.17586589e-03
18.12500e-06,94.47237849e-03,-435.17586589e-03
18.15000e-06,94.47237849e-03,-435.17586589e-03
18.17500e-06,94.47237849e-03,-475.37687048e-03
18.20000e-06,89.44725292e-03,-475.37687048e-03
18.22500e-06,14.07036930e-03,-435.17586589e-03
18.25000e-06,14.07036930e-03,-475.37687048e-03
18.27500e-06,14.07036930e-03,-475.37687048e-03
18.30000e-06,14.07036930e-03,-475.37687048e-03
18.32500e-06,14.07036930e-03,-475.37687048e-03
18.35000e-06,14.07036930e-03,-435.17586589e-03
18.37500e-06,-66.33163989e-03,-475.37687048e-03
18.40000e-06,-66.33163989e-03,-475.37687048e-03
18.42500e-06,-66.33163989e-03,-475.37687048e-03
18.45000e-06,-66.33163989e-03,-437.68842868e-03
18.47500e-06,-66.33163989e-03,-475.37687048e-03
18.50000e-06,-66.33163989e-03,-475.37687048e-03
18.52500e-06,-146.73364908e-03,-435.17586589e-03
18.55000e-06,-66.33163989e-03,-437.68842868e-03
18.57500e-06,-71.35676546e-03,-475.37687048e-03
18.60000e-06,-146.73364908e-03,-435.17586589e-03
18.62500e-06,-146.73364908e-03,-435.17586589e-03
18.65000e-06,-146.73364908e-03,-435.17586589e-03
18.67500e-06,-146.73364908e-03,-435.17586589e-03
18.70000e-06,-146.73364908e-03,-437.68842868e-03
18.72500e-06,-146.73364908e-03,-435.17586589e-03
18.75000e-06,-227.13565826e-03,-437.68842868e-03
18.77500e-06,-227.13565826e-03,-475.37687048e-03
18.80000e-06,-151.75877465e-03,-435.17586589e-03
18.82500e-06,-227.13565826e-03,-435.17586589e-03
18.85000e-06,-227.13565826e-03,-475.37687048e-03
18.87500e-06,-227.13565826e-03,-475.37687048e-03
18.90000e-06,-227.13565826e-03,-435.17586589e-03
18.92500e-06,-307.53766745e-03,-435.17586589e-03
18.95000e-06,-307.53766745e-03,-437.68842868e-03
18.97500e-06,-307.53766745e-03,-435.17586589e-03
19.00000e-06,-307.53766745e-03,-475.37687048e-03
19.02500e-06,-307.53766745e-03,-437.68842868e-03
19.05000e-06,-307.53766745e-03,-475.37687048e-03
19.07500e-06,-307.53766745e-03,-435.17586589e-03
19.10000e-06,-312.56279303e-03,-437.68842868e-03
19.12500e-06,-387.93967664e-03,-435.17586589e-03
19.15000e-06,-387.93967664e-03,-477.88943327e-03
19.17500e-06,-387.93967664e-03,-435.17586589e-03
19.20000e-06,-387.93967664e-03,-435.17586589e-03
19.22500e-06,-392.96480222e-03,-437.68842868e-03
19.25000e-06,-468.34168583e-03,-475.37687048e-03
19.27500e-06,-468.34168583e-03,-475.37687048e-03
19.30000e-06,-392.96480222e-03,-437.68842868e-03
19.32500e-06,-468.34168583e-03,-435.17586589e-03
19.35000e-06,-468.34168583e-03,-475.37687048e-03
19.37500e-06,-468.34168583e-03,-475.37687048e-03
19.40000e-06,-468.34168583e-03,-435.17586589e-03
19.42500e-06,-548.74369502e-03,-475.37687048e-03
19.45000e-06,-548.74369502e-03,-435.17586589e-03
19.47500e-06,-548.74369502e-03,-475.37687048e-03
19.50000e-06,-548.74369502e-03,-435.17586589e-03
19.52500e-06,-548.74369502e-03,-435.17586589e-03
19.55000e-06,-548.74369502e-03,-435.17586589e-03
19.57500e-06,-548.74369502e-03,-475.37687048e-03
19.60000e-06,-629.14570421e-03,-437.68842868e-03
19.62500e-06,-553.76882059e-03,-435.17586589e-03
19.65000e-06,-629.14570421e-03,-435.17586589e-03
19.67500e-06,-629.14570421e-03,-437.68842868e-03
19.70000e-06,-629.14570421e-03,-435.17586589e-03
19.72500e-06,-629.14570421e-03,-475.37687048e-03
19.75000e-06,-629.14570421e-03,-437.68842868e-03
19.77500e-06,-709.54771340e-03,-475.37687048e-03
19.80000e-06,-629.14570421e-03,-435.17586589e-03
19.82500e-06,-629.14570421e-03,-475.37687048e-03
19.85000e-06,-634.17082978e-03,-437.68842868e-03
19.87500e-06,-629.14570421e-03,-475.37687048e-03
19.90000e-06,-709.54771340e-03,-435.17586589e-03
19.92500e-06,-709.54771340e-03,-475.37687048e-03
19.95000e-06,-709.54771340e-03,-437.68842868e-03
19.97500e-06,-789.94972259e-03,-435.17586589e-03
20.00000e-06,-714.57283897e-03,-437.68842868e-03
20.02500e-06,-789.94972259e-03,-435.17586589e-03
20.05000e-06,-789.94972259e-03,-435.17586589e-03
20.07500e-06,-789.94972259e-03,-435.17586589e-03
20.10000e-06,-789.94972259e-03,-435.17586589e-03
20.12500e-06,-789.94972259e-03,-435.17586589e-03
20.15000e-06,-789.94972259e-03,-437.68842868e-03
20.17500e-06,-789.94972259e-03,-435.17586589e-03
20.20000e-06,-789.94972259e-03,-435.17586589e-03
20.22500e-06,-870.35173178e-03,-437.68842868e-03
20.25000e-06,-870.35173178e-03,-475.37687048e-03
20.27500e-06,-870.35173178e-03,-475.37687048e-03
20.30000e-06,-870.35173178e-03,-435.17586589e-03
20.32500e-06,-870.35173178e-03,-435.17586589e-03
20.35000e-06,-950.75374097e-03,-475.37687048e-03
20.37500e-06,-870.35173178e-03,-475.37687048e-03
20.40000e-06,-950.75374097e-03,-437.68842868e-03
20.42500e-06,-950.75374097e-03,-435.17586589e-03
20.45000e-06,-950.75374097e-03,-475.37687048e-03
20.47500e-06,-950.75374097e-03,-475.37687048e-03
20.50000e-06,-950.75374097e-03,-437.68842868e-03
20.52500e-06,-950.75374097e-03,-435.17586589e-03
20.55000e-06,-950.75374097e-03,-437.68842868e-03
20.57500e-06,-950.75374097e-03,-475.37687048e-03
20.60000e-06,-1.03115575016e00,-435.17586589e-03
20.62500e-06,-1.03115575016e00,-475.37687048e-03
20.65000e-06,-955.77886654e-03,-437.68842868e-03
20.67500e-06,-1.03115575016e00,-475.37687048e-03
20.70000e-06,-955.77886654e-03,-437.68842868e-03
20.72500e-06,-1.03115575016e00,-435.17586589e-03
20.75000e-06,-1.11155775934e00,-475.37687048e-03
20.77500e-06,-1.03115575016e00,-475.37687048e-03
20.80000e-06,-1.03618087573e00,-437.68842868e-03
20.82500e-06,-1.03618087573e00,-435.17586589e-03
20.85000e-06,-1.11155775934e00,-475.37687048e-03
20.87500e-06,-1.11155775934e00,-475.37687048e-03
20.90000e-06,-1.03618087573e00,-435.17586589e-03
20.92500e-06,-1.11155775934e00,-435.17586589e-03
20.95000e-06,-1.11155775934e00,-475.37687048e-03
20.97500e-06,-1.11155775934e00,-475.37687048e-03
21.00000e-06,-1.19195976853e00,-475.37687048e-03
21.02500e-06,-1.19195976853e00,-437.68842868e-03
21.05000e-06,-1.19195976853e00,-437.68842868e-03
21.07500e-06,-1.11155775934e00,-435.17586589e-03
21.10000e-06,-1.11658288492e00,-475.37687048e-03
21.12500e-06,-1.19195976853e00,-475.37687048e-03
21.15000e-06,-1.19195976853e00,-435.17586589e-03
21.17500e-06,-1.19195976853e00,-435.17586589e-03
21.20000e-06,-1.19195976853e00,-435.17586589e-03
21.22500e-06,-1.27236177772e00,-437.68842868e-03
21.25000e-06,-1.27236177772e00,-437.68842868e-03
21.27500e-06,-1.19195976853e00,-475.37687048e-03
21.30000e-06,-1.19698489411e00,-437.68842868e-03
21.32500e-06,-1.19698489411e00,-437.68842868e-03
21.35000e-06,-1.27236177772e00,-475.37687048e-03
21.37500e-06,-1.27236177772e00,-475.37687048e-03
21.40000e-06,-1.27236177772e00,-435.17586589e-03
21.42500e-06,-1.27236177772e00,-437.68842868e-03
21.45000e-06,-1.27236177772e00,-475.37687048e-03
21.47500e-06,-1.35276378691e00,-475.37687048e-03
21.50000e-06,-1.27236177772e00,-435.17586589e-03
21.52500e-06,-1.27236177772e00,-435.17586589e-03
21.55000e-06,-1.27236177772e00,-435.17586589e-03
21.57500e-06,-1.35276378691e00,-435.17586589e-03
21.60000e-06,-1.35276378691e00,-475.37687048e-03
21.62500e-06,-1.35276378691e00,-435.17586589e-03
21.65000e-06,-1.35276378691e00,-437.68842868e-03
21.67500e-06,-1.35276378691e00,-435.17586589e-03
21.70000e-06,-1.35276378691e00,-435.17586589e-03
21.72500e-06,-1.35276378691e00,-475.37687048e-03
21.75000e-06,-1.35276378691e00,-435.17586589e-03
21.77500e-06,-1.43316579610e00,-475.37687048e-03
21.80000e-06,-1.35276378691e00,-435.17586589e-03
21.82500e-06,-1.35276378691e00,-475.37687048e-03
21.85000e-06,-1.35276378691e00,-475.37687048e-03
21.87500e-06,-1.43316579610e00,-475.37687048e-03
21.90000e-06,-1.35778891249e00,-435.17586589e-03
21.92500e-06,-1.35276378691e00,-435.17586589e-03
21.95000e-06,-1.43316579610e00,-437.68842868e-03
21.97500e-06,-1.43316579610e00,-475.37687048e-03
22.00000e-06,-1.43316579610e00,-435.17586589e-03
22.02500e-06,-1.43316579610e00,-437.68842868e-03
22.05000e-06,-1.51356780529e00,-475.37687048e-03
22.07500e-06,-1.43316579610e00,-475.37687048e-03
22.10000e-06,-1.43316579610e00,-435.17586589e-03
22.12500e-06,-1.43819092168e00,-475.37687048e-03
22.15000e-06,-1.43819092168e00,-437.68842868e-03
22.17500e-06,-1.51356780529e00,-475.37687048e-03
22.20000e-06,-1.43316579610e00,-435.17586589e-03
22.22500e-06,-1.51356780529e00,-475.37687048e-03
22.25000e-06,-1.51356780529e00,-475.37687048e-03
22.27500e-06,-1.51356780529e00,-475.37687048e-03
22.30000e-06,-1.43819092168e00,-435.17586589e-03
22.32500e-06,-1.43316579610e00,-435.17586589e-03
22.35000e-06,-1.43819092168e00,-475.37687048e-03
22.37500e-06,-1.51356780529e00,-435.17586589e-03
22.40000e-06,-1.51356780529e00,-475.37687048e-03
22.42500e-06,-1.51356780529e00,-475.37687048e-03
22.45000e-06,-1.51356780529e00,-475.37687048e-03
22.47500e-06,-1.43316579610e00,-435.17586589e-03
22.50000e-06,-1.51356780529e00,-437.68842868e-03
22.52500e-06,-1.51356780529e00,-437.68842868e-03
22.55000e-06,-1.51356780529e00,-437.68842868e-03
22.57500e-06,-1.59396981448e00,-475.37687048e-03
22.60000e-06,-1.51356780529e00,-435.17586589e-03
22.62500e-06,-1.51356780529e00,-435.17586589e-03
22.65000e-06,-1.51356780529e00,-435.17586589e-03
22.67500e-06,-1.51356780529e00,-435.17586589e-03
22.70000e-06,-1.43819092168e00,-437.68842868e-03
22.72500e-06,-1.51356780529e00,-435.17586589e-03
22.75000e-06,-1.51859293086e00,-437.68842868e-03
22.77500e-06,-1.59396981448e00,-475.37687048e-03
22.80000e-06,-1.51859293086e00,-437.68842868e-03
22.82500e-06,-1.59396981448e00,-437.68842868e-03
22.85000e-06,-1.51356780529e00,-475.37687048e-03
22.87500e-06,-1.51356780529e00,-475.37687048e-03
22.90000e-06,-1.51859293086e00,-475.37687048e-03
22.92500e-06,-1.51356780529e00,-435.17586589e-03
22.95000e-06,-1.59396981448e00,-437.68842868e-03
22.97500e-06,-1.59396981448e00,-475.37687048e-03
23.00000e-06,-1.51859293086e00,-475.37687048e-03
23.02500e-06,-1.51356780529e00,-475.37687048e-03
23.05000e-06,-1.51859293086e00,-437.68842868e-03
23.07500e-06,-1.51356780529e00,-475.37687048e-03
23.10000e-06,-1.51859293086e00,-475.37687048e-03
23.12500e-06,-1.59396981448e00,-435.17586589e-03
23.15000e-06,-1.59396981448e00,-437.68842868e-03
23.17500e-06,-1.59396981448e00,-475.37687048e-03
23.20000e-06,-1.51859293086e00,-435.17586589e-03
23.22500e-06,-1.59396981448e00,-437.68842868e-03
23.25000e-06,-1.59396981448e00,-437.68842868e-03
23.27500e-06,-1.51859293086e00,-475.37687048e-03
23.30000e-06,-1.51356780529e00,-475.37687048e-03
23.32500e-06,-1.59396981448e00,-475.37687048e-03
23.35000e-06,-1.51859293086e00,-437.68842868e-03
23.37500e-06,-1.51356780529e00,-475.37687048e-03
23.40000e-06,-1.51356780529e00,-437.68842868e-03
23.42500e-06,-1.59396981448e00,-475.37687048e-03
23.45000e-06,-1.51356780529e00,-437.68842868e-03
23.47500e-06,-1.51356780529e00,-475.37687048e-03
23.50000e-06,-1.51859293086e00,-475.37687048e-03
23.52500e-06,-1.51859293086e00,-437.68842868e-03
23.55000e-06,-1.51356780529e00,-435.17586589e-03
23.57500e-06,-1.51356780529e00,-475.37687048e-03
23.60000e-06,-1.51859293086e00,-437.68842868e-03
23.62500e-06,-1.59396981448e00,-435.17586589e-03
23.65000e-06,-1.51356780529e00,-475.37687048e-03
23.67500e-06,-1.51356780529e00,-475.37687048e-03
23.70000e-06,-1.51356780529e00,-475.37687048e-03
23.72500e-06,-1.51356780529e00,-475.37687048e-03
23.75000e-06,-1.43819092168e00,-437.68842868e-03
23.77500e-06,-1.51356780529e00,-475.37687048e-03
23.80000e-06,-1.51356780529e00,-435.17586589e-03
23.82500e-06,-1.51356780529e00,-435.17586589e-03
23.85000e-06,-1.51356780529e00,-475.37687048e-03
23.87500e-06,-1.51356780529e00,-435.17586589e-03
23.90000e-06,-1.51356780529e00,-475.37687048e-03
23.92500e-06,-1.51356780529e00,-475.37687048e-03
23.95000e-06,-1.43819092168e00,-475.37687048e-03
23.97500e-06,-1.51356780529e00,-435.17586589e-03
24.00000e-06,-1.51356780529e00,-435.17586589e-03
24.02500e-06,-1.51356780529e00,-475.37687048e-03
24.05000e-06,-1.51356780529e00,-475.37687048e-03
24.07500e-06,-1.51356780529e00,-435.17586589e-03
24.10000e-06,-1.43819092168e00,-437.68842868e-03
24.12500e-06,-1.43316579610e00,-435.17586589e-03
24.15000e-06,-1.43316579610e00,-437.68842868e-03
24.17500e-06,-1.43819092168e00,-435.17586589e-03
24.20000e-06,-1.51356780529e00,-435.17586589e-03
24.22500e-06,-1.43316579610e00,-397.48742408e-03
24.25000e-06,-1.43316579610e00,-437.68842868e-03
24.27500e-06,-1.51356780529e00,-475.37687048e-03
24.30000e-06,-1.43316579610e00,-435.17586589e-03
24.32500e-06,-1.43316579610e00,-435.17586589e-03
24.35000e-06,-1.43316579610e00,-435.17586589e-03
24.37500e-06,-1.43316579610e00,-475.37687048e-03
24.40000e-06,-1.43316579610e00,-435.17586589e-03
24.42500e-06,-1.43316579610e00,-435.17586589e-03
24.45000e-06,-1.43316579610e00,-475.37687048e-03
24.47500e-06,-1.35276378691e00,-475.37687048e-03
24.50000e-06,-1.43316579610e00,-475.37687048e-03
24.52500e-06,-1.43316579610e00,-475.37687048e-03
24.55000e-06,-1.43316579610e00,-437.68842868e-03
24.57500e-06,-1.43316579610e00,-435.17586589e-03
24.60000e-06,-1.35778891249e00,-435.17586589e-03
24.62500e-06,-1.43316579610e00,-475.37687048e-03
24.65000e-06,-1.35276378691e00,-475.37687048e-03
24.67500e-06,-1.35276378691e00,-475.37687048e-03
24.70000e-06,-1.35276378691e00,-435.17586589e-03
24.72500e-06,-1.35778891249e00,-437.68842868e-03
24.75000e-06,-1.35276378691e00,-435.17586589e-03
24.77500e-06,-1.35276378691e00,-475.37687048e-03
24.80000e-06,-1.35276378691e00,-475.37687048e-03
24.82500e-06,-1.35276378691e00,-475.37687048e-03
24.85000e-06,-1.35276378691e00,-475.37687048e-03
24.87500e-06,-1.35276378691e00,-475.37687048e-03
24.90000e-06,-1.27236177772e00,-475.37687048e-03
24.92500e-06,-1.27236177772e00,-475.37687048e-03
24.95000e-06,-1.27236177772e00,-437.68842868e-03
24.97500e-06,-1.27236177772e00,-435.17586589e-03
